PLAYER,POS,TEAM,GP,MPG,FGM,FG%,FTM,FT%,3PM,3P%,PTS,DREB,OREB,TREB,AST,STL,BLK,TO,DD,A/TO
Nikola Jokic?,"PF,C",DEN,74,33.5,10.3,0.583(10.3/17.7),5.1,0.810(5.1/6.3),1.3,0.337(1.3/3.9),27.1,11,2.8,13.7,7.9,1.5,0.9,3.8,0.9,2.1
Joel Embiid?,"PF,C",PHI,68,33.8,9.8,0.499(9.8/19.6),9.6,0.815(9.6/11.8),1.4,0.371(1.4/3.7),30.6,9.6,2.1,11.7,4.2,1.1,1.5,3.1,0.7,1.3
Giannis Antetokounmpo?,"PF,C",MIL,67,32.9,10.3,0.554(10.3/18.6),8.3,0.722(8.3/11.4),1.1,0.294(1.1/3.6),29.9,9.6,2,11.6,5.8,1.1,1.4,3.3,0.7,1.8
Kevin Durant,"SF,PF",BRO,55,37.3,10.5,0.519(10.5/20.3),6.8,0.909(6.8/7.4),2.1,0.383(2.1/5.5),29.9,6.9,0.5,7.4,6.4,0.9,0.9,3.5,0.3,1.8
Karl-Anthony Towns?,"PF,C",MIN,74,33.5,8.7,0.530(8.7/16.4),5.2,0.823(5.2/6.3),2,0.409(2.0/5.0),24.6,7.2,2.6,9.8,3.6,1,1.1,3.1,0.5,1.2
Rudy Gobert,C,UTA,66,32.2,5.5,0.712(5.5/7.7),4.6,0.690(4.6/6.7),0,0.000(0.0/0.1),15.6,11,3.7,14.7,1.1,0.7,2.1,1.8,0.8,0.6
LeBron James?,"PG,SG,SF",LAL,56,37.3,11.4,0.524(11.4/21.8),4.5,0.757(4.5/6.0),2.9,0.360(2.9/8.0),30.3,7.1,1.1,8.2,6.2,1.3,1.1,3.5,0.4,1.8
Trae Young,PG,ATL,76,34.9,9.4,0.461(9.4/20.3),6.6,0.904(6.6/7.3),3.1,0.382(3.1/8.0),28.4,3.1,0.7,3.7,9.7,1,0.1,4,0.6,2.4
James Harden?,"PG,SG",PHI,65,37.4,6.3,0.410(6.3/15.3),7.2,0.876(7.2/8.3),2.3,0.331(2.3/6.9),22,6.8,0.8,7.7,10.3,1.3,0.6,4.4,0.6,2.3
Luka Doncic?,"PG,SG",DAL,65,35.4,9.9,0.457(9.9/21.6),5.6,0.745(5.6/7.5),3.1,0.353(3.1/8.8),28.4,8.2,0.9,9.1,8.7,1.2,0.6,4.5,0.7,2
Domantas Sabonis?,"PF,C",SAC,62,34.5,7.2,0.572(7.2/12.5),4,0.742(4.0/5.4),0.6,0.310(0.6/2.0),18.9,8.9,3.3,12.1,5.2,1,0.4,3.1,0.7,1.7
Anthony Davis?,"PF,C",LAL,40,35.1,9.3,0.532(9.3/17.4),4.4,0.713(4.4/6.1),0.3,0.189(0.3/1.8),23.2,7.2,2.7,9.9,3.1,1.3,2.3,2.1,0.5,1.5
Dejounte Murray,"PG,SG",SAS,68,34.9,8.4,0.462(8.4/18.3),2.9,0.793(2.9/3.6),1.4,0.326(1.4/4.3),21.1,7.1,1.2,8.3,9.2,2,0.3,2.6,0.6,3.5
Jonas Valanciunas?,C,NOP,74,30.3,6.9,0.544(6.9/12.7),3.2,0.818(3.2/3.9),0.8,0.360(0.8/2.1),17.8,8.3,3.1,11.4,2.6,0.6,0.8,2.4,0.7,1.1
Kyrie Irving,"PG,SG",BRO,29,37.6,10,0.469(10.0/21.2),4.1,0.915(4.1/4.5),3.5,0.419(3.5/8.2),27.4,3.8,0.5,4.3,5.8,1.4,0.6,2.5,0.1,2.3
Jarrett Allen?,C,CLE,56,32.3,6.6,0.677(6.6/9.7),3,0.709(3.0/4.2),0,0.111(0.0/0.2),16.1,7.3,3.4,10.7,1.6,0.8,1.4,1.7,0.6,1
Jayson Tatum,"SF,PF",BOS,76,36,9.3,0.453(9.3/20.6),5.3,0.853(5.3/6.2),3,0.354(3.0/8.6),26.9,6.9,1.1,8,4.4,1,0.6,2.9,0.3,1.5
Bam Adebayo?,"PF,C",MIA,56,32.6,7.3,0.557(7.3/13.0),4.6,0.753(4.6/6.1),0,0.000(0.0/0.1),19.1,7.6,2.4,10.1,3.4,1.4,0.8,2.6,0.5,1.3
Stephen Curry?,"PG,SG",GSW,64,34.6,8.4,0.437(8.4/19.1),4.3,0.923(4.3/4.7),4.5,0.381(4.5/11.7),25.5,4.7,0.5,5.2,6.3,1.3,0.3,3.2,0.2,2
Jimmy Butler?,"SF,PF",MIA,57,33.9,7,0.479(7.0/14.6),7,0.871(7.0/8.0),0.5,0.230(0.5/2.0),21.4,4.1,1.8,5.9,5.5,1.6,0.5,2.1,0.2,2.6
Pascal Siakam?,"PF,C",TOR,68,37.9,8.8,0.494(8.8/17.8),4.2,0.750(4.2/5.6),1.1,0.343(1.1/3.2),22.8,6.7,1.9,8.6,5.3,1.3,0.6,2.7,0.4,2
Robert Williams III?,C,BOS,61,29.6,4.4,0.736(4.4/6.0),1.1,0.723(1.1/1.5),0,0.000(0.0/0.0),10,5.7,3.9,9.7,2,0.9,2.2,1,0.4,1.9
DeMar DeRozan?,"SF,PF",CHI,76,36.2,10.2,0.504(10.2/20.2),6.8,0.877(6.8/7.8),0.7,0.353(0.7/1.9),27.9,4.4,0.8,5.2,4.9,0.9,0.3,2.4,0.1,2.1
LaMelo Ball,"PG,SG",CHA,75,32.4,7.2,0.429(7.2/16.7),2.8,0.873(2.8/3.2),2.9,0.389(2.9/7.5),20.1,5.2,1.4,6.7,7.6,1.6,0.4,3.3,0.3,2.3
Kristaps Porzingis?,"PF,C",WAS,51,29.1,6.9,0.459(6.9/15.0),4.9,0.866(4.9/5.6),1.5,0.310(1.5/4.9),20.2,6.1,2,8.1,2.3,0.7,1.6,1.6,0.3,1.5
Nikola Vucevic?,C,CHI,73,33.2,7.5,0.473(7.5/15.8),1.3,0.759(1.3/1.7),1.4,0.313(1.4/4.5),17.6,9.1,1.9,11,3.2,1,1,1.9,0.6,1.7
Paul George?,"SF,PF",LAC,31,34.8,8.7,0.421(8.7/20.6),4.2,0.860(4.2/4.8),2.9,0.355(2.9/8.3),24.4,6.5,0.4,6.9,5.7,2.1,0.4,4,0.2,1.4
Deandre Ayton?,C,PHX,58,29.6,7.6,0.634(7.6/12.0),1.8,0.747(1.8/2.5),0.1,0.364(0.1/0.3),17.2,7.7,2.6,10.2,1.4,0.7,0.7,1.6,0.5,0.9
Devin Booker?,"SG,SF",PHX,68,34.5,9.7,0.466(9.7/20.9),4.6,0.867(4.6/5.3),2.7,0.383(2.7/7.0),26.8,4.4,0.7,5,4.8,1.1,0.4,2.4,0.1,2
Chris Paul?,PG,PHX,65,33,5.6,0.493(5.6/11.3),2.6,0.836(2.6/3.1),1,0.317(1.0/3.1),14.7,4,0.3,4.4,10.8,1.9,0.3,2.4,0.5,4.6
Ja Morant?,PG,MEM,57,33.2,10.2,0.493(10.2/20.7),5.5,0.761(5.5/7.3),1.5,0.343(1.5/4.5),27.4,4.4,1.4,5.7,6.7,1.2,0.4,3.4,0.2,2
Jaylen Hoard,SF,OKL,7,34.2,6.3,0.489(6.3/12.9),0.9,0.430(0.9/2.0),1.3,0.361(1.3/3.6),14.7,7.7,4.3,12,2.4,0.9,0.7,1.1,0.6,2.1
Darius Garland,PG,CLE,68,35.8,8,0.462(8.0/17.3),3.2,0.893(3.2/3.5),2.6,0.383(2.6/6.7),21.7,2.7,0.6,3.3,8.6,1.3,0.1,3.6,0.4,2.4
Fred VanVleet?,"PG,SG",TOR,65,37.9,6.8,0.403(6.8/16.9),3,0.871(3.0/3.4),3.7,0.377(3.7/9.9),20.3,3.8,0.7,4.4,6.7,1.7,0.6,2.6,0.2,2.6
Tyrese Haliburton,"PG,SG",IND,77,35,5.6,0.474(5.6/11.8),2.1,0.842(2.1/2.5),2.1,0.414(2.1/5.1),15.3,3.2,0.8,4,8.2,1.7,0.6,2.6,0.3,3.1
Jusuf Nurkic?,C,POR,56,28.2,5.7,0.534(5.7/10.7),3.3,0.689(3.3/4.8),0.3,0.270(0.3/1.0),15,8.1,3,11.1,2.8,1.1,0.6,2.6,0.5,1.1
Clint Capela,C,ATL,74,27.7,5,0.613(5.0/8.2),1.1,0.474(1.1/2.3),0,0.000(0.0/0.0),11.1,8.1,3.7,11.8,1.2,0.7,1.3,0.6,0.5,2.1
Christian Wood?,"PF,C",HOU,68,30.8,6.5,0.500(6.5/12.9),3,0.623(3.0/4.9),1.9,0.391(1.9/4.9),17.9,8.5,1.6,10.1,2.3,0.8,1,1.9,0.5,1.2
Jakob Poeltl,C,SAS,68,29,6,0.618(6.0/9.8),1.4,0.495(1.4/2.8),0,1.000(0.0/0.0),13.5,5.5,3.9,9.3,2.8,0.7,1.7,1.6,0.4,1.7
Shai Gilgeous-Alexander,"PG,SG",OKL,56,34.7,8.5,0.454(8.5/18.8),5.9,0.811(5.9/7.2),1.6,0.300(1.6/5.3),24.5,4.3,0.7,5,5.9,1.3,0.8,2.7,0.1,2.2
Jrue Holiday,"PG,SG",MIL,67,33,7.1,0.501(7.1/14.2),2,0.758(2.0/2.7),2,0.411(2.0/4.8),18.3,3.5,1,4.5,6.8,1.6,0.4,2.7,0.2,2.5
Wendell Carter Jr.?,"PF,C",ORL,62,29.9,5.8,0.525(5.8/11.0),2.3,0.692(2.3/3.3),1.1,0.328(1.1/3.5),15,8.2,2.2,10.4,2.8,0.6,0.7,1.9,0.5,1.4
Miles Bridges,"SF,PF",CHA,80,35.5,7.4,0.491(7.4/15.2),3.3,0.803(3.3/4.2),1.9,0.333(1.9/5.8),20.1,5.9,1.1,7,3.8,0.9,0.8,1.9,0.2,2
Donovan Mitchell?,"PG,SG",UTA,67,33.9,9.2,0.448(9.2/20.6),4,0.854(4.0/4.7),3.5,0.355(3.5/9.8),25.9,3.4,0.8,4.2,5.3,1.5,0.2,3,0,1.8
Damian Lillard?,PG,POR,29,36.5,7.7,0.403(7.7/19.0),5.5,0.878(5.5/6.2),3.2,0.324(3.2/9.8),24,3.7,0.4,4.1,7.3,0.6,0.4,2.9,0.3,2.6
Zach LaVine?,"SG,SF",CHI,67,34.8,8.4,0.476(8.4/17.7),4.8,0.854(4.8/5.6),2.8,0.389(2.8/7.1),24.4,4.3,0.3,4.6,4.5,0.6,0.3,2.6,0,1.8
Khris Middleton?,"SF,PF",MIL,66,32.5,6.9,0.443(6.9/15.5),3.9,0.889(3.9/4.4),2.5,0.372(2.5/6.6),20.1,4.8,0.6,5.4,5.4,1.2,0.3,2.9,0.1,1.9
John Collins?,"PF,C",ATL,54,30.8,6.3,0.527(6.3/11.9),2.5,0.792(2.5/3.1),1.2,0.365(1.2/3.3),16.2,6.1,1.7,7.8,1.8,0.6,1,1.1,0.3,1.6
Julius Randle?,"PF,C",NYK,72,35.4,7.1,0.411(7.1/17.3),4.2,0.756(4.2/5.6),1.7,0.308(1.7/5.4),20.1,8.2,1.7,10,5.1,0.7,0.5,3.4,0.4,1.5
Lonzo Ball?,"PG,SG",CHI,35,34.7,4.6,0.423(4.6/10.9),0.6,0.750(0.6/0.8),3.1,0.423(3.1/7.4),13,4.4,1,5.4,5.1,1.8,0.9,2.3,0.1,2.2
Myles Turner?,"PF,C",IND,42,29.5,4.8,0.509(4.8/9.4),1.9,0.752(1.9/2.5),1.5,0.333(1.5/4.4),12.9,5.5,1.5,7.1,1,0.7,2.8,1.3,0.2,0.8
Bobby Portis?,"PF,C",MIL,72,28.2,5.8,0.479(5.8/12.1),1.2,0.752(1.2/1.6),1.9,0.394(1.9/4.7),14.6,6.6,2.5,9.1,1.2,0.7,0.7,1.3,0.3,1
Brandon Ingram?,"SF,PF",NOP,55,34.1,8.2,0.462(8.2/17.9),4.8,0.827(4.8/5.9),1.4,0.328(1.4/4.1),22.7,5.2,0.6,5.8,5.6,0.6,0.5,2.8,0.1,2
Jaylen Brown,"SG,SF",BOS,66,33.7,8.7,0.473(8.7/18.4),3.7,0.757(3.7/4.8),2.5,0.358(2.5/7.0),23.6,5.3,0.8,6.1,3.5,1,0.3,2.7,0.2,1.3
Malcolm Brogdon?,"PG,SG",IND,36,33.6,6.8,0.448(6.8/15.1),4,0.856(4.0/4.6),1.6,0.311(1.6/5.2),19.1,4.2,0.9,5.1,5.9,0.9,0.4,2.1,0.2,2.8
Evan Mobley,"PF,C",CLE,69,33.8,6.1,0.508(6.1/12.0),2.4,0.663(2.4/3.7),0.3,0.248(0.3/1.3),15,6.2,2.1,8.3,2.5,0.8,1.7,1.9,0.3,1.3
Kyle Kuzma?,"SF,PF",WAS,66,33.4,6.4,0.452(6.4/14.2),2.4,0.711(2.4/3.3),1.9,0.342(1.9/5.7),17.1,7.5,1.1,8.5,3.5,0.6,0.9,2.5,0.4,1.4
Desmond Bane,"PG,SG,SF",MEM,76,29.8,6.7,0.461(6.7/14.5),1.8,0.902(1.8/2.0),3,0.436(3.0/6.9),18.2,3.8,0.6,4.4,2.7,1.2,0.4,1.5,0,1.9
Al Horford,"PF,C",BOS,69,29.1,3.9,0.468(3.9/8.3),1.2,0.841(1.2/1.4),1.3,0.336(1.3/3.8),10.2,6.1,1.6,7.7,3.4,0.7,1.3,0.9,0.2,3.6
Kyle Lowry?,PG,MIA,63,33.9,4.4,0.440(4.4/10.0),2.4,0.851(2.4/2.8),2.3,0.378(2.3/6.1),13.4,4,0.5,4.5,7.5,1.1,0.3,2.7,0.3,2.8
Terry Rozier,"PG,SG",CHA,73,33.7,7.1,0.444(7.1/16.0),2.1,0.851(2.1/2.4),3,0.373(3.0/8.1),19.3,3.5,0.8,4.3,4.5,1.3,0.3,1.3,0,3.4
Mo Bamba,C,ORL,71,25.8,4.2,0.479(4.2/8.7),0.8,0.777(0.8/1.0),1.5,0.381(1.5/4.0),10.6,6,2.1,8.1,1.2,0.5,1.7,1.1,0.3,1.1
Scottie Barnes,"SF,PF",TOR,74,35.4,6.2,0.492(6.2/12.6),2.1,0.735(2.1/2.9),0.8,0.299(0.8/2.6),15.3,4.9,2.6,7.5,3.5,1.1,0.7,1.8,0.2,1.9
Bradley Beal?,"SG,SF",WAS,40,36,8.7,0.451(8.7/19.3),4.2,0.831(4.2/5.0),1.6,0.301(1.6/5.3),23.2,3.8,1,4.7,6.6,0.9,0.4,3.4,0.1,2
Tobias Harris,"SF,PF",PHI,73,34.9,6.8,0.482(6.8/14.0),2.3,0.841(2.3/2.8),1.4,0.366(1.4/3.8),17.2,5.7,1.1,6.8,3.4,0.6,0.6,1.6,0.1,2.2
Jaren Jackson Jr.?,"PF,C",MEM,78,27.3,5.5,0.415(5.5/13.3),3.6,0.824(3.6/4.4),1.6,0.319(1.6/5.1),16.3,4.3,1.5,5.8,1.1,0.9,2.3,1.7,0.1,0.7
CJ McCollum,"PG,SG",NOP,62,34.7,8.7,0.461(8.7/18.8),1.9,0.682(1.9/2.7),2.9,0.389(2.9/7.6),22.1,3.5,0.9,4.3,5.1,1.1,0.4,2,0,2.5
Ivica Zubac,C,LAC,76,24.4,4.1,0.627(4.1/6.5),2.2,0.726(2.2/3.0),0,0.000(0.0/0.0),10.3,5.6,2.9,8.5,1.6,0.5,1,1.5,0.3,1.1
Mitchell Robinson?,C,NYK,72,25.7,3.6,0.763(3.6/4.8),1.2,0.486(1.2/2.5),0,0.000(0.0/0.0),8.5,4.5,4.1,8.6,0.5,0.8,1.8,0.8,0.3,0.6
Josh Hart?,"SG,SF",POR,54,33.2,5.3,0.504(5.3/10.5),3,0.757(3.0/3.9),1.4,0.343(1.4/3.9),14.9,6,1.1,7.2,4.1,1.1,0.2,2.1,0.2,2
Anthony Edwards,"SG,SF",MIN,72,34.3,7.6,0.442(7.6/17.3),3.1,0.787(3.1/3.9),3,0.358(3.0/8.4),21.3,3.9,0.8,4.7,3.8,1.4,0.6,2.6,0,1.4
Tyrese Maxey,"PG,SG",PHI,75,35.4,6.4,0.485(6.4/13.3),2.8,0.866(2.8/3.3),1.8,0.427(1.8/4.1),17.5,2.9,0.3,3.2,4.3,0.7,0.4,1.2,0,3.6
Russell Westbrook?,PG,LAL,78,34.4,7,0.445(7.0/15.8),3.4,0.666(3.4/5.1),1,0.297(1.0/3.4),18.5,6,1.4,7.4,7.1,0.9,0.3,3.8,0.4,1.9
Steven Adams?,C,MEM,76,26.3,2.8,0.548(2.8/5.0),1.4,0.542(1.4/2.6),0,0.000(0.0/0.0),6.9,5.4,4.6,10,3.4,0.9,0.8,1.5,0.2,2.2
Harrison Barnes,"SF,PF",SAC,77,33.6,5.1,0.470(5.1/10.8),4.4,0.826(4.4/5.4),1.8,0.393(1.8/4.7),16.4,4.5,1.1,5.6,2.4,0.7,0.2,1.5,0.1,1.6
Tyler Herro?,"PG,SG",MIA,66,32.6,7.6,0.446(7.6/17.0),2.9,0.867(2.9/3.3),2.7,0.398(2.7/6.7),20.7,4.5,0.5,5,4,0.7,0.1,2.6,0,1.5
OG Anunoby,"SF,PF",TOR,48,36,6.4,0.443(6.4/14.5),1.9,0.752(1.9/2.5),2.4,0.364(2.4/6.6),17.1,4,1.6,5.5,2.6,1.5,0.5,1.7,0.1,1.6
Jerami Grant?,"SF,PF",DET,47,32,6.3,0.426(6.3/14.9),4.6,0.838(4.6/5.5),1.9,0.359(1.9/5.4),19.2,3.5,0.6,4.1,2.4,0.9,1,1.8,0,1.3
De'Aaron Fox?,PG,SAC,59,35.4,8.8,0.473(8.8/18.5),4.4,0.749(4.4/5.9),1.3,0.296(1.3/4.2),23.2,3.5,0.4,3.9,5.6,1.2,0.4,2.8,0.1,2
Draymond Green,"PF,C",GSW,46,29,2.9,0.524(2.9/5.6),1.3,0.657(1.3/2.0),0.4,0.299(0.4/1.2),7.5,6.3,1,7.3,7,1.4,1.1,3,0.1,2.3
D'Angelo Russell?,"PG,SG",MIN,65,32,6.2,0.411(6.2/15.0),3.1,0.827(3.1/3.7),2.7,0.340(2.7/8.0),18.1,2.9,0.4,3.3,7.1,1,0.3,2.5,0.2,2.8
Kevin Love,"PF,C",CLE,74,22.5,4.4,0.430(4.4/10.3),2.2,0.836(2.2/2.7),2.5,0.392(2.5/6.5),13.6,6.1,1.2,7.3,2.2,0.4,0.2,1.3,0.2,1.6
Cade Cunningham?,"PG,SG",DET,64,32.7,6.7,0.416(6.7/16.1),2.2,0.844(2.2/2.6),1.8,0.314(1.8/5.7),17.4,4.6,0.9,5.5,5.6,1.2,0.7,3.7,0.2,1.5
Norman Powell?,"SG,SF",LAC,45,32.4,6.2,0.461(6.2/13.4),4.2,0.811(4.2/5.2),2.4,0.420(2.4/5.6),19,2.8,0.4,3.2,2.1,0.9,0.5,1.5,0,1.4
Keldon Johnson,"SF,PF",SAS,75,31.9,6.3,0.466(6.3/13.5),2.4,0.756(2.4/3.1),2.1,0.398(2.1/5.3),17,5,1.1,6.1,2.1,0.8,0.2,1.2,0.1,1.7
Gordon Hayward?,"SG,SF",CHA,49,32,5.8,0.459(5.8/12.6),2.6,0.845(2.6/3.0),1.8,0.392(1.8/4.5),15.9,3.8,0.8,4.6,3.6,1,0.4,1.7,0,2.2
Jordan Poole,"PG,SG",GSW,76,30.1,6.2,0.448(6.2/13.9),3.2,0.926(3.2/3.5),2.8,0.364(2.8/7.6),18.5,3,0.4,3.4,4,0.8,0.3,2.5,0,1.6
Klay Thompson,"SG,SF",GSW,32,29.4,7.7,0.429(7.7/17.9),1.4,0.906(1.4/1.6),3.6,0.385(3.6/9.3),20.4,3.4,0.5,3.9,2.8,0.5,0.5,1.3,0,2
Gary Trent Jr.,"SG,SF",TOR,70,35,6.4,0.415(6.4/15.5),2.5,0.856(2.5/2.9),3,0.384(3.0/7.8),18.3,2.3,0.4,2.7,2,1.8,0.3,1,0,2
Jalen Brunson,"PG,SG",DAL,79,32,6.4,0.502(6.4/12.8),2.3,0.841(2.3/2.7),1.2,0.373(1.2/3.2),16.3,3.4,0.5,3.9,4.8,0.8,0,1.6,0.1,3
Richaun Holmes?,"PF,C",SAC,45,24,4.4,0.658(4.4/6.7),1.6,0.780(1.6/2.0),0,0.364(0.0/0.1),10.4,5,2.1,7.1,1.1,0.4,0.9,1.2,0.2,0.9
Andre Drummond,C,BRO,73,19.7,3.4,0.570(3.4/5.9),1.2,0.524(1.2/2.3),0,0.000(0.0/0.0),7.9,6.2,3.1,9.3,1.8,1.1,0.9,1.6,0.2,1.1
Mike Conley,PG,UTA,72,28.7,4.8,0.435(4.8/11.0),1.8,0.796(1.8/2.3),2.4,0.409(2.4/5.8),13.7,2.4,0.7,3,5.3,1.3,0.3,1.7,0,3.1
Mikal Bridges,"SG,SF",PHX,82,34.9,5.6,0.535(5.6/10.5),1.6,0.838(1.6/1.9),1.4,0.369(1.4/3.8),14.2,3.3,0.9,4.2,2.2,1.2,0.4,0.8,0,2.7
Cole Anthony?,"PG,SG",ORL,65,31.7,5.5,0.391(5.5/14.0),3.3,0.853(3.3/3.9),2,0.337(2.0/6.0),16.3,4.9,0.5,5.4,5.7,0.7,0.3,2.6,0.1,2.2
Montrezl Harrell,"PF,C",CHA,71,23.2,5,0.644(5.0/7.8),3,0.717(3.0/4.2),0.1,0.250(0.1/0.2),13.2,4,2.1,6.1,2,0.4,0.6,1,0.1,2
Josh Giddey?,"PG,SG,SF",OKL,54,31.5,5.2,0.419(5.2/12.4),1,0.712(1.0/1.5),1,0.264(1.0/3.9),12.5,6,1.8,7.8,6.4,0.9,0.4,3.2,0.3,2
Isaiah Stewart,"PF,C",DET,71,25.6,3.5,0.509(3.5/6.9),1,0.717(1.0/1.5),0.2,0.323(0.2/0.7),8.3,5.5,3.2,8.7,1.2,0.3,1.1,1.2,0.2,1
Aaron Gordon?,"SF,PF",DEN,75,31.7,5.8,0.521(5.8/11.1),2.3,0.743(2.3/3.1),1.2,0.334(1.2/3.5),15,4.2,1.7,5.8,2.5,0.6,0.6,1.8,0.1,1.4
Saddiq Bey,"SG,SF,PF",DET,82,33,5.5,0.396(5.5/13.9),2.6,0.826(2.6/3.1),2.6,0.345(2.6/7.4),16.1,4.1,1.3,5.4,2.8,0.9,0.2,1.2,0.1,2.4
Jarred Vanderbilt,"PF,C",MIN,74,25.5,2.9,0.586(2.9/4.9),1.2,0.655(1.2/1.8),0,0.158(0.0/0.2),6.9,5.5,2.9,8.4,1.3,1.3,0.6,1,0.1,1.3
Kevin Porter Jr.,"PG,SG,SF",HOU,61,31.3,5.5,0.414(5.5/13.3),2,0.642(2.0/3.2),2.5,0.375(2.5/6.8),15.6,3.7,0.7,4.4,6.2,1.1,0.4,3.1,0.2,2
Lauri Markkanen,"SF,PF,C",CLE,61,30.8,5.1,0.445(5.1/11.5),2.3,0.866(2.3/2.6),2.2,0.358(2.2/6.2),14.8,4.7,1,5.6,1.3,0.8,0.5,0.9,0,1.5
Seth Curry?,"PG,SG",BRO,64,33.4,5.6,0.487(5.6/11.6),1.3,0.871(1.3/1.5),2.5,0.423(2.5/5.8),15,2.8,0.3,3.1,3.6,0.8,0.2,1.7,0,2.1
Franz Wagner?,"SG,SF,PF",ORL,79,30.8,5.8,0.468(5.8/12.3),2.4,0.863(2.4/2.8),1.2,0.357(1.2/3.4),15.2,3.4,1.1,4.5,2.9,0.9,0.4,1.5,0,1.9
Brandon Clarke,"SF,PF",MEM,64,19.5,4.5,0.645(4.5/7.0),1.3,0.655(1.3/2.0),0.1,0.235(0.1/0.3),10.4,3.2,2.1,5.3,1.3,0.6,1.1,0.5,0.1,2.5
Hassan Whiteside,"PF,C",UTA,65,18,3.3,0.652(3.3/5.1),1.6,0.623(1.6/2.6),0,0.000(0.0/0.0),8.2,5,2.6,7.6,0.4,0.3,1.6,0.8,0.2,0.5
Frank Kaminsky,C,PHX,9,20.4,4,0.546(4.0/7.3),2,0.901(2.0/2.2),0.6,0.335(0.6/1.7),10.6,3.3,1.2,4.6,1.4,0.9,0.8,0.6,0,2.6
Alec Burks,"PG,SG,SF",NYK,81,28.7,3.5,0.392(3.5/9.0),2.7,0.822(2.7/3.3),1.9,0.404(1.9/4.8),11.7,4.3,0.6,4.9,3,1,0.3,1.1,0,2.7
Bojan Bogdanovic?,"SF,PF",UTA,69,31,6.1,0.455(6.1/13.5),3.2,0.857(3.2/3.8),2.6,0.386(2.6/6.8),18.1,3.4,0.8,4.3,1.7,0.5,0,1.7,0,1
Andrew Wiggins?,"SG,SF",GSW,73,32,6.5,0.466(6.5/14.0),2,0.634(2.0/3.2),2.2,0.393(2.2/5.5),17.2,3.3,1.2,4.4,2.2,1.1,0.7,1.5,0,1.5
Anfernee Simons?,"PG,SG",POR,57,29.5,6.2,0.443(6.2/14.0),1.8,0.887(1.8/2.0),3.1,0.405(3.1/7.8),17.3,2.2,0.5,2.6,3.9,0.5,0.1,2,0,1.9
Bogdan Bogdanovic,"SG,SF,PF",ATL,63,29.4,5.4,0.431(5.4/12.6),1.5,0.842(1.5/1.8),2.7,0.368(2.7/7.3),15.1,3.5,0.5,4,3.1,1.1,0.2,1.1,0,2.8
Daniel Gafford,C,WAS,72,20.1,4,0.696(4.0/5.7),1.5,0.700(1.5/2.1),0,0.000(0.0/0.0),9.4,3.5,2.2,5.7,0.9,0.4,1.4,0.9,0.1,1
Ricky Rubio?,PG,IND,34,28.5,4.4,0.362(4.4/12.1),2.6,0.855(2.6/3.0),1.7,0.340(1.7/5.1),13.1,3.7,0.4,4.1,6.6,1.4,0.2,2.6,0.1,2.5
Robert Covington,"PF,C",LAC,71,27.3,2.9,0.418(2.9/7.0),0.8,0.845(0.8/1.0),1.8,0.377(1.8/4.8),8.5,4.7,0.8,5.5,1.3,1.5,1.3,1.1,0,1.2
Cameron Johnson,"SF,PF",PHX,66,26.3,4.2,0.460(4.2/9.2),1.5,0.855(1.5/1.7),2.5,0.426(2.5/5.9),12.5,3.5,0.6,4.1,1.5,0.9,0.2,0.7,0,2.1
Derrick White,"PG,SG",BOS,75,29.4,4.5,0.421(4.5/10.7),2.7,0.866(2.7/3.1),1.5,0.311(1.5/4.9),13.2,3,0.5,3.5,4.9,0.8,0.8,1.6,0,3.1
LaMarcus Aldridge,"PF,C",BRO,47,22.5,5.4,0.549(5.4/9.8),1.9,0.871(1.9/2.2),0.3,0.306(0.3/1.0),12.9,3.9,1.6,5.5,0.9,0.3,1,0.9,0,1
Onyeka Okongwu,"PF,C",ATL,48,20.7,3.3,0.690(3.3/4.7),1.7,0.729(1.7/2.3),0,0.000(0.0/0.0),8.2,3.5,2.4,5.9,1.1,0.6,1.3,0.9,0,1.2
Monte Morris?,"PG,SG",DEN,75,29.9,5,0.484(5.0/10.3),1,0.866(1.0/1.1),1.7,0.394(1.7/4.2),12.6,2.7,0.4,3,4.4,0.7,0.2,1,0,4.3
Will Barton?,"SG,SF",DEN,71,32.2,5.5,0.437(5.5/12.6),1.4,0.804(1.4/1.8),2.2,0.365(2.2/6.1),14.7,4.2,0.6,4.8,3.9,0.8,0.4,1.8,0,2.2
Marcus Smart,"PG,SG",BOS,71,32.4,4.2,0.419(4.2/10.1),2,0.794(2.0/2.5),1.7,0.331(1.7/5.1),12.1,3.2,0.6,3.8,5.9,1.7,0.3,2.3,0,2.6
Willy Hernangomez,C,NOP,49,17.2,3.5,0.522(3.5/6.7),2.2,0.771(2.2/2.9),0.1,0.333(0.1/0.2),9.2,4,2.9,6.9,1.3,0.4,0.4,1,0.2,1.2
Spencer Dinwiddie,"PG,SG",DAL,67,29.6,4.6,0.417(4.6/11.0),2.9,0.774(2.9/3.8),1.7,0.340(1.7/4.9),13.7,3.5,0.7,4.2,5.2,0.7,0.2,1.6,0.1,3.3
Patrick Beverley,"PG,SG",MIN,58,25.6,3.1,0.406(3.1/7.5),1.7,0.725(1.7/2.3),1.4,0.343(1.4/4.2),9.2,3.1,1.1,4.1,4.6,1.2,0.9,1.3,0,3.7
Otto Porter Jr.?,"SF,PF",GSW,63,22.2,3.1,0.462(3.1/6.6),0.8,0.804(0.8/1.0),1.3,0.370(1.3/3.4),8.2,4.4,1.4,5.8,1.5,1.1,0.5,0.6,0.1,2.5
Dorian Finney-Smith,"SF,PF",DAL,80,33.1,4.1,0.472(4.1/8.7),0.7,0.673(0.7/1.0),2.2,0.395(2.2/5.4),11,3.2,1.5,4.7,1.9,1.1,0.5,1,0,1.9
Herbert Jones?,"SF,PF",NOP,78,30,3.5,0.476(3.5/7.4),1.8,0.842(1.8/2.1),0.7,0.336(0.7/2.2),9.5,2.5,1.3,3.8,2.1,1.7,0.8,1.3,0,1.7
Isaiah Roby,C,OKL,45,21.1,3.7,0.514(3.7/7.2),1.7,0.671(1.7/2.6),1,0.445(1.0/2.2),10.1,3.2,1.7,4.8,1.6,0.8,0.8,1,0.1,1.7
Rayjon Tucker,SF,DEN,5,14.2,1.2,0.667(1.2/1.8),1,0.714(1.0/1.4),0.8,0.800(0.8/1.0),4.2,1,0.6,1.6,2,0.8,0,0.2,0,10
Buddy Hield,"SG,SF",IND,81,30.8,5.5,0.407(5.5/13.5),1.4,0.873(1.4/1.6),3.2,0.365(3.2/8.8),15.6,3.5,0.8,4.4,2.8,0.9,0.3,1.9,0,1.5
Terance Mann,"SG,SF",LAC,81,28.6,4.1,0.484(4.1/8.5),1.6,0.782(1.6/2.0),0.9,0.366(0.9/2.6),10.8,4,1.3,5.2,2.6,0.7,0.3,1,0.1,2.5
Bruce Brown,"SG,SF,PF",BRO,72,24.8,3.6,0.506(3.6/7.0),1.4,0.758(1.4/1.8),0.5,0.405(0.5/1.3),9,3.4,1.4,4.8,2.1,1.1,0.7,0.8,0,2.6
P.J. Washington,"PF,C",CHA,65,27.2,3.9,0.470(3.9/8.2),0.9,0.712(0.9/1.3),1.7,0.365(1.7/4.6),10.3,3.9,1.3,5.2,2.3,0.9,0.9,1.3,0,1.8
Luke Kennard?,"SG,SF",LAC,70,27.4,4.1,0.449(4.1/9.1),1,0.900(1.0/1.1),2.7,0.449(2.7/6.0),11.9,3,0.3,3.3,2.1,0.6,0.1,0.9,0,2.4
Derrick Rose?,"PG,SG",NYK,26,24.5,4.7,0.445(4.7/10.5),1.2,0.966(1.2/1.2),1.4,0.401(1.4/3.5),12,2.2,0.8,3,4,0.8,0.5,1.5,0,2.6
Isaiah Hartenstein,"PF,C",LAC,68,17.9,3.4,0.626(3.4/5.4),1.3,0.691(1.3/1.9),0.2,0.477(0.2/0.4),8.3,3.1,1.7,4.9,2.4,0.7,1.1,1.2,0,1.9
RJ Barrett?,"SG,SF",NYK,70,34.6,7,0.408(7.0/17.1),4.1,0.714(4.1/5.8),2,0.341(2.0/5.8),20,4.9,0.9,5.8,3,0.6,0.2,2.2,0.1,1.4
Jae'Sean Tate,"SF,PF",HOU,78,26.4,4.7,0.497(4.7/9.4),1.7,0.708(1.7/2.4),0.8,0.313(0.8/2.6),11.8,3.7,1.7,5.4,2.8,0.9,0.5,1.8,0.1,1.6
JaVale McGee,C,PHX,74,15.9,3.9,0.628(3.9/6.2),1.4,0.701(1.4/2.0),0,0.250(0.0/0.1),9.2,4.5,2.2,6.7,0.6,0.3,1.1,1.3,0.1,0.4
Carmelo Anthony?,"SF,PF",LAL,69,26.1,4.6,0.441(4.6/10.5),1.9,0.830(1.9/2.3),2.2,0.376(2.2/5.8),13.3,3.3,0.9,4.2,1,0.7,0.8,0.9,0,1.2
Malik Monk,"PG,SG,SF",LAL,76,28.1,5.1,0.473(5.1/10.9),1.2,0.792(1.2/1.5),2.3,0.392(2.3/5.8),13.8,2.9,0.5,3.4,2.9,0.8,0.4,1.6,0,1.8
Dillon Brooks?,"SG,SF",MEM,32,27.7,7.1,0.431(7.1/16.4),2.8,0.849(2.8/3.3),1.4,0.309(1.4/4.7),18.4,2.3,0.9,3.2,2.8,1.1,0.3,1.6,0,1.8
Kevon Looney,"PF,C",GSW,82,21.2,2.5,0.572(2.5/4.4),0.9,0.599(0.9/1.5),0,0.000(0.0/0.0),6,4.7,2.5,7.3,2,0.6,0.6,0.8,0.1,2.5
Devin Vassell,"SG,SF",SAS,71,27.3,4.6,0.427(4.6/10.8),1.2,0.842(1.2/1.4),1.9,0.361(1.9/5.4),12.3,3.7,0.6,4.3,1.9,1.1,0.6,0.8,0,2.3
Caris LeVert,"SG,SF",CLE,58,30.7,6.5,0.444(6.5/14.7),2.5,0.757(2.5/3.3),1.4,0.320(1.4/4.4),17,2.9,0.7,3.7,4.3,0.9,0.4,1.8,0,2.3
Marcus Morris Sr.?,"PF,C",LAC,54,29,5.6,0.434(5.6/12.8),2.4,0.872(2.4/2.7),1.9,0.367(1.9/5.1),15.4,3.9,0.5,4.4,2.1,0.5,0.3,1.3,0,1.6
Kentavious Caldwell-Pope?,"PG,SG,SF",WAS,77,30.3,4.7,0.435(4.7/10.8),1.8,0.890(1.8/2.0),2.1,0.389(2.1/5.3),13.2,2.8,0.5,3.4,1.9,1.1,0.3,1.3,0,1.5
Tyus Jones?,PG,MEM,73,21.3,3.4,0.451(3.4/7.6),0.7,0.822(0.7/0.9),1.1,0.391(1.1/2.8),8.7,2.2,0.2,2.4,4.4,0.9,0,0.6,0,7
Luguentz Dort?,"SG,SF",OKL,51,32.7,5.8,0.404(5.8/14.2),3.2,0.843(3.2/3.8),2.6,0.332(2.6/7.7),17.2,3.4,0.7,4.2,1.7,0.9,0.4,1.7,0,1
Brook Lopez?,C,MIL,13,23,4.7,0.465(4.7/10.1),1.5,0.870(1.5/1.8),1.5,0.358(1.5/4.1),12.4,2.6,1.5,4.1,0.5,0.6,1.2,0.9,0,0.5
Danilo Gallinari,"SF,PF",ATL,66,25.4,3.9,0.433(3.9/9.1),2.1,0.907(2.1/2.4),1.7,0.382(1.7/4.5),11.7,4.1,0.5,4.7,1.5,0.4,0.2,0.6,0,2.7
De'Anthony Melton,"PG,SG",MEM,73,22.7,3.9,0.404(3.9/9.5),1.2,0.750(1.2/1.6),1.9,0.373(1.9/5.1),10.8,3.6,0.9,4.5,2.7,1.4,0.5,1.5,0,1.7
T.J. McConnell,"PG,SG",IND,27,24.2,3.7,0.481(3.7/7.7),0.7,0.824(0.7/0.9),0.4,0.303(0.4/1.2),8.5,2.6,0.7,3.3,4.9,1.1,0.4,1.1,0,4.5
Mason Plumlee,"PF,C",CHA,73,24.6,2.8,0.642(2.8/4.4),0.9,0.393(0.9/2.3),0,0.000(0.0/0.0),6.5,5.3,2.5,7.8,3.1,0.8,0.7,1.4,0.1,2.3
P.J. Tucker?,"PF,C",MIA,71,27.9,2.9,0.484(2.9/6.0),0.6,0.733(0.6/0.9),1.1,0.415(1.1/2.7),7.6,4,1.4,5.4,2.1,0.8,0.2,0.9,0.1,2.3
Nicolas Claxton,C,BRO,47,20.7,3.8,0.674(3.8/5.6),1.2,0.581(1.2/2.0),0,0.000(0.0/0.0),8.7,3.7,1.9,5.6,0.9,0.5,1.1,0.8,0.1,1.1
Terry Taylor,"SG,SF",IND,33,21.7,4.1,0.616(4.1/6.6),1.1,0.703(1.1/1.6),0.4,0.313(0.4/1.2),9.6,2.3,2.9,5.2,1.2,0.4,0.3,0.7,0.1,1.7
Jalen Smith?,"PF,C",IND,51,18.1,3.5,0.503(3.5/6.9),1.5,0.765(1.5/2.0),0.8,0.326(0.8/2.4),9.2,4.1,2,6,0.5,0.3,0.8,0.8,0.2,0.6
Chris Boucher,"PF,C",TOR,80,21.2,3.4,0.466(3.4/7.2),1.9,0.780(1.9/2.4),0.9,0.297(0.9/2.9),9.4,3.9,2.2,6.2,0.3,0.6,0.9,0.5,0.1,0.6
Nassir Little?,SF,POR,42,25.9,3.5,0.460(3.5/7.5),1.6,0.732(1.6/2.2),1.2,0.330(1.2/3.7),9.8,4.2,1.4,5.6,1.3,0.6,0.9,1,0.1,1.4
Nicolas Batum?,"SF,PF",LAC,59,24.8,3,0.462(3.0/6.6),0.4,0.656(0.4/0.6),1.8,0.400(1.8/4.6),8.3,3.8,0.5,4.3,1.7,1,0.7,0.7,0,2.5
Dwight Powell,"PF,C",DAL,82,22,3.3,0.671(3.3/4.9),2,0.780(2.0/2.6),0.2,0.356(0.2/0.5),8.7,2.8,2.1,4.9,1.2,0.5,0.5,0.8,0,1.5
Grayson Allen?,"SG,SF",MIL,66,27.4,3.9,0.448(3.9/8.6),1,0.866(1.0/1.1),2.4,0.409(2.4/5.9),11.1,2.9,0.5,3.3,1.5,0.7,0.3,0.7,0,2.3
Royce O'Neale,"SG,SF,PF",UTA,77,31.3,2.6,0.458(2.6/5.8),0.6,0.795(0.6/0.7),1.6,0.390(1.6/4.0),7.4,3.9,0.8,4.8,2.5,1.1,0.4,1,0,2.4
Alperen Sengun,C,HOU,72,20.8,3.5,0.475(3.5/7.3),2.3,0.711(2.3/3.2),0.4,0.245(0.4/1.6),9.6,3.5,1.9,5.4,2.6,0.8,0.9,2,0.1,1.3
Dennis Schroder?,PG,HOU,64,28.7,4.9,0.432(4.9/11.3),2.5,0.851(2.5/2.9),1.3,0.343(1.3/3.9),13.5,2.8,0.5,3.3,4.6,0.9,0.1,2.3,0,2.1
Jae Crowder?,"SF,PF",PHX,67,28.3,3.2,0.399(3.2/8.1),1.1,0.791(1.1/1.3),1.9,0.349(1.9/5.5),9.4,4.8,0.4,5.3,1.9,1.4,0.4,0.8,0,2.3
Pat Connaughton,"SG,SF",MIL,65,26,3.5,0.457(3.5/7.6),0.7,0.831(0.7/0.8),2.3,0.395(2.3/5.7),9.9,3.5,0.7,4.2,1.3,0.9,0.2,0.5,0,2.3
Joe Harris?,"SG,SF",BRO,14,30.1,4,0.451(4.0/8.9),0.4,0.837(0.4/0.4),2.9,0.466(2.9/6.3),11.3,3.6,0.4,4,1,0.5,0.1,1.1,0,0.9
Reggie Jackson?,"PG,SG",LAC,75,31.2,6.4,0.392(6.4/16.3),1.8,0.848(1.8/2.2),2.2,0.327(2.2/6.8),16.8,3.1,0.5,3.6,4.8,0.7,0.2,2.3,0.1,2.1
Cody Martin,"SG,SF",CHA,71,26.3,2.9,0.482(2.9/6.0),1.1,0.702(1.1/1.5),0.9,0.384(0.9/2.2),7.7,2.9,1.2,4,2.5,1.3,0.4,0.9,0,3
Alex Caruso?,"PG,SG",CHI,41,28.1,2.5,0.399(2.5/6.2),1.4,0.792(1.4/1.8),1,0.332(1.0/3.1),7.4,2.8,0.8,3.6,4,1.7,0.4,1.4,0,2.9
Jaxson Hayes,"PF,C",NOP,70,20,3.5,0.614(3.5/5.7),2.1,0.766(2.1/2.7),0.3,0.349(0.3/0.8),9.3,2.9,1.6,4.5,0.6,0.5,0.8,0.8,0.1,0.8
Jared Harper,PG,NOP,5,8.6,2.8,0.538(2.8/5.2),0.8,1.000(0.8/0.8),1,0.417(1.0/2.4),7.4,0,0.4,0.4,2.8,0.8,0.2,0.4,0,7
Victor Oladipo,"SG,SF",MIA,8,21.6,4.4,0.480(4.4/9.1),1.8,0.735(1.8/2.4),1.9,0.418(1.9/4.5),12.4,2.5,0.4,2.9,3.5,0.6,0.1,2,0.1,1.8
Cameron Oliver,SF,ATL,2,21.6,5,0.667(5.0/7.5),1,0.667(1.0/1.5),0.5,0.333(0.5/1.5),11.5,2,1,3,1.5,0.5,0.5,0,0,3
Kevin Huerter,"SG,SF",ATL,74,29.6,4.7,0.454(4.7/10.3),0.6,0.814(0.6/0.7),2.2,0.389(2.2/5.6),12.1,3,0.4,3.4,2.7,0.7,0.4,1.2,0,2.2
Zach Collins,"PF,C",SAS,28,18,2.7,0.489(2.7/5.5),1.9,0.802(1.9/2.3),0.5,0.342(0.5/1.5),7.8,3.8,1.6,5.5,2.2,0.5,0.8,1.6,0,1.4
Darius Bazley?,"SF,PF",OKL,69,27.9,4,0.423(4.0/9.4),1.7,0.691(1.7/2.5),1.2,0.297(1.2/3.9),10.8,5.3,1,6.3,1.4,0.8,1,1.3,0.1,1.1
Jalen Green,SG,HOU,67,31.9,6.1,0.426(6.1/14.2),2.8,0.798(2.8/3.5),2.3,0.342(2.3/6.8),17.3,2.9,0.5,3.4,2.6,0.6,0.3,2,0,1.3
Chris Duarte?,"SG,SF",IND,55,28.1,4.9,0.431(4.9/11.3),1.6,0.804(1.6/2.0),1.7,0.369(1.7/4.6),13.1,3.4,0.8,4.1,2.1,1,0.2,1.6,0,1.3
Marvin Bagley III?,"PF,C",DET,48,23.9,4.7,0.505(4.7/9.3),1.4,0.667(1.4/2.1),0.5,0.238(0.5/2.0),11.3,4.9,2.2,7,0.8,0.5,0.4,0.8,0.1,0.9
Josh Richardson,"SG,SF",SAS,65,24.7,3.6,0.438(3.6/8.2),1.5,0.892(1.5/1.7),1.6,0.415(1.6/3.8),10.2,2.2,0.7,2.9,1.8,0.9,0.4,1,0,1.7
Markelle Fultz,"PG,SG",ORL,18,20.1,4.6,0.474(4.6/9.7),1.4,0.808(1.4/1.7),0.2,0.234(0.2/0.9),10.8,2.5,0.2,2.7,5.5,1.1,0.3,2.2,0.1,2.5
Immanuel Quickley,"PG,SG",NYK,78,23.1,3.6,0.392(3.6/9.3),2.3,0.880(2.3/2.6),1.8,0.346(1.8/5.1),11.3,2.8,0.4,3.2,3.5,0.7,0,1.3,0.1,2.8
Coby White?,"PG,SG",CHI,61,27.5,4.6,0.433(4.6/10.6),1.3,0.859(1.3/1.5),2.2,0.385(2.2/5.8),12.7,2.7,0.3,3,2.9,0.5,0.2,1.1,0,2.5
Kyle Anderson,"SF,PF",MEM,69,21.5,3,0.446(3.0/6.8),1,0.638(1.0/1.5),0.5,0.329(0.5/1.6),7.6,4.3,1,5.3,2.7,1.1,0.7,1,0,2.6
Evan Fournier,"SG,SF",NYK,80,29.5,5,0.417(5.0/12.1),1,0.709(1.0/1.4),3,0.389(3.0/7.7),14.1,2.2,0.4,2.6,2.1,1,0.3,1.3,0,1.6
Caleb Martin,"SG,SF",MIA,60,22.9,3.5,0.508(3.5/6.8),1.2,0.761(1.2/1.6),1.1,0.415(1.1/2.6),9.2,2.7,1.2,3.8,1.1,1,0.5,0.9,0,1.2
Kelly Olynyk,"PF,C",DET,40,19.1,3.2,0.448(3.2/7.2),1.7,0.776(1.7/2.2),1,0.336(1.0/3.0),9.1,3.1,1.4,4.4,2.8,0.8,0.5,1.5,0,1.9
Javonte Green,"PG,SG,SF",CHI,65,23.4,2.7,0.542(2.7/5.0),1.2,0.831(1.2/1.5),0.6,0.355(0.6/1.6),7.2,2.8,1.4,4.2,0.9,1,0.5,0.5,0,2
Nerlens Noel?,"PF,C",NYK,25,22.6,1.3,0.533(1.3/2.4),0.8,0.700(0.8/1.2),0,0.000(0.0/0.1),3.4,3.8,1.9,5.6,0.9,1.2,1.2,0.8,0,1.2
Larry Nance Jr.,"PF,C",NOP,46,22.7,2.8,0.521(2.8/5.4),0.9,0.702(0.9/1.2),0.5,0.329(0.5/1.5),7,3.8,1.6,5.4,1.8,0.9,0.4,0.8,0,2.2
Isaiah Jackson,"PF,C",IND,36,15.1,3.2,0.563(3.2/5.7),1.7,0.684(1.7/2.4),0.1,0.318(0.1/0.4),8.3,2.5,1.7,4.2,0.3,0.7,1.4,1.1,0.1,0.3
Patrick Williams,"SF,PF",CHI,17,24.9,3.2,0.530(3.2/6.0),1.8,0.730(1.8/2.4),0.9,0.515(0.9/1.7),9,3.1,1,4.1,0.9,0.5,0.5,0.9,0.1,0.9
Eric Gordon?,"SG,SF",HOU,57,29.3,4.7,0.475(4.7/9.9),1.8,0.776(1.8/2.4),2.2,0.413(2.2/5.3),13.4,1.7,0.3,2,2.7,0.5,0.3,1.9,0,1.4
Drew Eubanks?,"PF,C",POR,71,17.6,3.1,0.595(3.1/5.2),1.4,0.760(1.4/1.8),0.1,0.219(0.1/0.3),7.7,3.5,1.8,5.4,1.2,0.4,0.6,1.1,0.1,1
Kris Dunn?,"PG,SG",POR,14,24.1,3.1,0.431(3.1/7.3),1.2,0.938(1.2/1.3),0.1,0.089(0.1/0.8),7.6,2.9,0.6,3.5,5.6,1.6,0.2,2.3,0,2.5
Chuma Okeke,PF,ORL,70,25,3.1,0.375(3.1/8.2),0.8,0.849(0.8/0.9),1.7,0.319(1.7/5.3),8.6,4.3,0.7,5,1.7,1.4,0.6,0.8,0,2.1
Kemba Walker?,PG,NYK,37,25.7,4,0.403(4.0/10.0),1.6,0.844(1.6/1.9),2,0.366(2.0/5.4),11.6,2.6,0.4,3,3.5,0.7,0.2,1.3,0,2.7
Cameron Payne?,"PG,SG",PHX,58,22.1,4.1,0.409(4.1/10.1),1.3,0.843(1.3/1.5),1.2,0.335(1.2/3.6),10.8,2.6,0.4,3,4.9,0.7,0.3,1.8,0.1,2.8
Kelly Oubre Jr.,"SG,SF",CHA,76,26.4,5.4,0.440(5.4/12.3),1.7,0.667(1.7/2.5),2.5,0.345(2.5/7.3),15,2.9,1,4,1.1,1,0.4,0.9,0,1.3
Sekou Doumbouya,"SF,PF",LAL,2,8.2,2.5,0.625(2.5/4.0),1.5,0.750(1.5/2.0),0.5,0.500(0.5/1.0),7,2,1,3,0,1.5,1,1,0,0
Precious Achiuwa,"SF,PF,C",TOR,73,23.7,3.6,0.439(3.6/8.3),1.1,0.598(1.1/1.8),0.8,0.360(0.8/2.1),9.1,4.5,2,6.5,1.1,0.5,0.6,1.2,0.1,1
D.J. Wilson,PF,TOR,4,13.5,2.8,0.733(2.8/3.8),2,0.800(2.0/2.5),0,0.000(0.0/0.5),7.5,3.8,0.3,4,1.3,1,0.3,0.5,0,2.5
Damian Jones,C,SAC,56,18.2,3.1,0.659(3.1/4.8),1.7,0.718(1.7/2.3),0.2,0.346(0.2/0.5),8.1,3.1,1.3,4.4,1.2,0.5,0.8,1.1,0,1.2
Trey Lyles,"PF,C",SAC,75,20.6,3.5,0.466(3.5/7.5),2.6,0.802(2.6/3.2),0.9,0.319(0.9/2.8),10.5,3.9,1.2,5.1,1.2,0.4,0.4,1,0,1.2
Jordan Clarkson,"PG,SG",UTA,79,27.2,5.9,0.419(5.9/14.1),1.8,0.827(1.8/2.2),2.4,0.319(2.4/7.6),16,2.6,0.8,3.5,2.5,0.8,0.2,1.6,0,1.5
Ayo Dosunmu,"PG,SG",CHI,77,27.4,3.6,0.519(3.6/7.0),0.7,0.683(0.7/1.0),0.9,0.376(0.9/2.4),8.8,2.4,0.4,2.8,3.3,0.8,0.4,1.4,0.1,2.4
Cory Joseph?,"PG,SG",DET,65,24.7,2.7,0.446(2.7/6.2),1.5,0.885(1.5/1.7),1,0.413(1.0/2.4),8,2.2,0.4,2.7,3.6,0.6,0.3,1.3,0,2.8
Dwight Howard?,C,LAL,60,16.2,2.2,0.611(2.2/3.7),1.6,0.658(1.6/2.4),0.1,0.520(0.1/0.3),6.2,4,2,5.9,0.6,0.6,0.6,0.8,0.1,0.7
Hamidou Diallo?,"SG,SF",DET,58,22,4.5,0.496(4.5/9.1),1.6,0.651(1.6/2.4),0.4,0.250(0.4/1.6),11,3.6,1.2,4.8,1.3,1.2,0.3,1,0.1,1.3
Grant Williams,"SF,PF",BOS,77,24.4,2.7,0.474(2.7/5.6),1.1,0.911(1.1/1.2),1.4,0.412(1.4/3.4),7.8,2.7,0.8,3.6,1,0.5,0.7,0.8,0,1.3
Chimezie Metu,"PF,C",SAC,60,21.3,3.4,0.452(3.4/7.5),1.2,0.776(1.2/1.5),1,0.306(1.0/3.1),8.9,5,0.6,5.6,1,0.9,0.5,1,0.1,1
Tim Hardaway Jr.?,"SG,SF",DAL,42,29.8,5,0.395(5.0/12.6),1.9,0.759(1.9/2.5),2.4,0.336(2.4/7.2),14.2,3.4,0.3,3.7,2.2,0.9,0.1,0.8,0,2.7
Derrick Walton Jr.,PG,DET,3,36.1,2,0.231(2.0/8.7),1.3,1.000(1.3/1.3),1,0.231(1.0/4.3),6.3,2.7,0.7,3.3,7,2,1.3,3.7,0,1.9
Eric Bledsoe?,"PG,SG",POR,54,25.2,3.7,0.422(3.7/8.7),1.6,0.756(1.6/2.1),0.9,0.311(0.9/3.0),9.9,2.8,0.5,3.4,4.2,1.3,0.4,2.2,0,1.9
De'Andre Hunter,"SF,PF",ATL,53,29.8,4.8,0.441(4.8/10.9),2.4,0.767(2.4/3.1),1.4,0.380(1.4/3.7),13.4,2.8,0.5,3.3,1.3,0.7,0.4,1.3,0,1
Rui Hachimura,"SF,PF",WAS,42,22.5,4.5,0.491(4.5/9.1),1.1,0.701(1.1/1.6),1.3,0.447(1.3/2.9),11.3,3.2,0.6,3.8,1.1,0.5,0.2,0.8,0,1.5
Matisse Thybulle,"SG,SF",PHI,66,25.6,2.3,0.499(2.3/4.6),0.5,0.800(0.5/0.7),0.7,0.312(0.7/2.2),5.7,1.7,0.6,2.3,1.1,1.7,1.1,0.6,0,1.9
Naz Reid,C,MIN,77,15.9,3,0.490(3.0/6.2),1.5,0.763(1.5/1.9),0.7,0.343(0.7/2.2),8.3,2.6,1.3,3.9,0.9,0.5,0.9,1.1,0.1,0.9
Oshae Brissett,"SF,PF",IND,67,23.4,3.1,0.411(3.1/7.6),1.7,0.694(1.7/2.5),1.2,0.350(1.2/3.5),9.1,3.7,1.6,5.3,1.1,0.6,0.4,0.8,0.1,1.3
John Konchar,SG,MEM,72,18,1.9,0.516(1.9/3.6),0.4,0.559(0.4/0.7),0.7,0.411(0.7/1.8),4.8,3.4,1.2,4.6,1.5,0.7,0.3,0.4,0,3.8
Devonte' Graham?,"PG,SG",NOP,76,28.5,3.9,0.363(3.9/10.7),1.6,0.842(1.6/1.8),2.5,0.341(2.5/7.4),11.9,1.8,0.5,2.3,4.2,0.9,0.1,1.4,0,3
Gary Harris,"SG,SF",ORL,61,28.4,3.9,0.433(3.9/9.1),1.4,0.872(1.4/1.6),1.9,0.384(1.9/5.0),11.1,1.4,0.6,2,1.8,1,0.1,1,0,1.8
Delon Wright,"PG,SG",ATL,77,18.9,1.6,0.453(1.6/3.5),0.7,0.854(0.7/0.8),0.6,0.377(0.6/1.5),4.4,2.2,0.6,2.9,2.4,1.2,0.3,0.6,0,4.2
Max Strus,"SG,SF",MIA,68,23.4,3.7,0.441(3.7/8.3),0.6,0.795(0.6/0.8),2.7,0.409(2.7/6.5),10.6,2.6,0.4,3,1.4,0.4,0.2,0.8,0,1.6
Maxi Kleber?,"PF,C",DAL,59,24.6,2.4,0.398(2.4/6.0),0.8,0.709(0.8/1.1),1.4,0.326(1.4/4.3),7,4.7,1.2,5.9,1.2,0.5,1,0.8,0,1.4
Patty Mills,"PG,SG",BRO,81,29,4,0.408(4.0/9.8),0.6,0.808(0.6/0.7),2.8,0.399(2.8/7.0),11.4,1.7,0.2,1.9,2.3,0.6,0.2,0.9,0,2.5
Olivier Sarr,SG,OKL,22,19.3,2.6,0.575(2.6/4.6),1.1,0.826(1.1/1.3),0.6,0.447(0.6/1.3),7,2.7,1.5,4.2,0.9,0.3,0.7,1,0,0.9
DeMarcus Cousins,"PF,C",DEN,48,15,3.1,0.459(3.1/6.8),2,0.762(2.0/2.6),0.8,0.303(0.8/2.5),9,4.1,1.5,5.6,1.5,0.7,0.4,1.8,0,0.8
Amir Coffey,"SG,SF",LAC,69,22.7,3.1,0.453(3.1/6.8),1.5,0.859(1.5/1.7),1.4,0.378(1.4/3.7),9,2.5,0.4,2.9,1.8,0.6,0.2,0.7,0,2.8
Donte DiVincenzo,"PG,SG",SAC,42,24,2.8,0.351(2.8/8.0),1.7,0.843(1.7/2.0),1.8,0.339(1.8/5.2),9,3.1,1,4,2.8,1.1,0.2,1.7,0,1.6
Malik Beasley,"PG,SG",MIN,79,25.1,4.2,0.390(4.2/10.8),0.6,0.816(0.6/0.8),3,0.377(3.0/8.1),12.1,2.5,0.3,2.9,1.5,0.5,0.2,0.5,0,2.7
Jeremiah Robinson-Earl,"SF,PF,C",OKL,49,22.2,2.7,0.413(2.7/6.6),0.8,0.745(0.8/1.1),1.2,0.350(1.2/3.4),7.5,4.1,1.5,5.6,1,0.6,0.3,0.8,0.1,1.3
Garrison Mathews,"SG,SF",HOU,65,26.3,2.8,0.399(2.8/7.1),2.2,0.794(2.2/2.8),2.1,0.360(2.1/5.9),10,2.4,0.5,2.9,1,0.9,0.4,0.6,0,1.6
Deni Avdija,"SG,SF,PF",WAS,82,24.2,3.1,0.432(3.1/7.1),1.3,0.759(1.3/1.7),1,0.316(1.0/3.2),8.4,4.5,0.6,5.2,2,0.7,0.5,1.1,0,1.9
Gary Payton II,"PG,SG",GSW,71,17.7,3,0.616(3.0/4.9),0.5,0.598(0.5/0.8),0.6,0.361(0.6/1.7),7.1,2.4,1,3.5,0.9,1.4,0.3,0.6,0,1.6
Dewayne Dedmon?,C,MIA,67,15.9,2.5,0.566(2.5/4.3),1.1,0.752(1.1/1.5),0.3,0.400(0.3/0.7),6.3,4.2,1.6,5.7,0.7,0.4,0.6,1,0,0.7
Mike Muscala?,"PF,C",OKL,43,13.8,2.6,0.456(2.6/5.8),1.1,0.842(1.1/1.3),1.6,0.430(1.6/3.8),8,2.5,0.5,3,0.5,0.4,0.6,0.3,0,1.6
Nah'Shon Hyland,"PG,SG",DEN,69,19,3.3,0.402(3.3/8.3),1.6,0.856(1.6/1.8),1.9,0.366(1.9/5.2),10.1,2.5,0.2,2.7,2.8,0.6,0.3,1.3,0,2.2
Jaden McDaniels,"SF,PF",MIN,70,25.8,3.6,0.460(3.6/7.9),0.8,0.802(0.8/1.0),1.1,0.317(1.1/3.6),9.2,3.1,1.1,4.2,1.1,0.7,0.8,1.1,0,1
Isaac Okoro,"SG,SF",CLE,67,29.6,3.1,0.481(3.1/6.4),1.8,0.771(1.8/2.3),0.8,0.350(0.8/2.3),8.8,1.9,1.1,3,1.8,0.8,0.3,0.9,0,2.1
Isaiah Livers,SF,DET,19,20.2,2.2,0.456(2.2/4.7),0.6,0.851(0.6/0.7),1.4,0.421(1.4/3.4),6.4,2.2,0.8,3,1.2,0.7,0.4,0.8,0.1,1.5
Devin Cannady,PG,ORL,5,28.9,3,0.341(3.0/8.8),1,0.714(1.0/1.4),3,0.405(3.0/7.4),10,1,0.2,1.2,2,1,0.6,1,0,2
Daniel Theis,"PF,C",BOS,47,20.9,3.2,0.519(3.2/6.2),1,0.680(1.0/1.5),0.7,0.307(0.7/2.3),8.2,3.6,1.3,4.9,0.9,0.4,0.7,1,0.1,0.9
Trendon Watford?,SF,POR,48,18.1,3,0.532(3.0/5.6),1.5,0.755(1.5/2.0),0.2,0.241(0.2/0.8),7.6,3,1.2,4.1,1.7,0.5,0.6,0.9,0,1.8
Jeff Green,"SF,PF,C",DEN,75,24.7,3.7,0.523(3.7/7.1),2.2,0.833(2.2/2.6),0.7,0.317(0.7/2.2),10.3,2.5,0.6,3.1,1.3,0.4,0.4,0.9,0,1.4
Reggie Perry,PF,IND,10,18.8,4,0.506(4.0/7.9),0.9,0.600(0.9/1.5),0.3,0.188(0.3/1.6),9.2,3.2,1.5,4.7,1.2,0.9,0.6,1.1,0.1,1.1
Duncan Robinson,"SG,SF",MIA,79,25.9,3.7,0.399(3.7/9.2),0.7,0.844(0.7/0.8),2.9,0.372(2.9/7.9),10.9,2.3,0.3,2.6,1.6,0.5,0.2,0.8,0,2.2
Kenrich Williams?,"SF,PF",OKL,49,22,3,0.461(3.0/6.5),0.6,0.545(0.6/1.1),0.8,0.340(0.8/2.5),7.4,3,1.5,4.5,2.2,0.9,0.2,0.9,0,2.3
Braxton Key,PF,,11,17.9,3,0.458(3.0/6.6),0.6,0.542(0.6/1.2),0.6,0.288(0.6/1.9),7.2,3.5,1.2,4.6,1,1,1.1,1,0,1
Doug McDermott?,"SF,PF",SAS,51,24,4.2,0.463(4.2/9.1),0.8,0.780(0.8/1.0),2.1,0.422(2.1/5.0),11.3,1.9,0.4,2.3,1.3,0.3,0.1,0.8,0,1.5
Justin Holiday,"SG,SF",SAC,74,27.9,3.5,0.394(3.5/9.0),0.7,0.810(0.7/0.8),2.4,0.367(2.4/6.5),10.1,2.2,0.4,2.6,1.7,0.8,0.4,0.9,0,1.8
Talen Horton-Tucker?,"SG,SF",LAL,60,25.2,3.7,0.416(3.7/9.0),1.7,0.803(1.7/2.1),0.8,0.271(0.8/3.0),10,2.6,0.6,3.2,2.7,1,0.5,1.4,0,1.9
Aleksej Poku?evski,"SF,PF",OKL,61,20.3,3.1,0.408(3.1/7.5),0.6,0.695(0.6/0.8),0.9,0.288(0.9/3.2),7.6,4,1.2,5.2,2.1,0.6,0.6,1.5,0.1,1.4
Serge Ibaka?,"PF,C",MIL,54,16.3,2.7,0.500(2.7/5.5),0.6,0.728(0.6/0.8),0.7,0.377(0.7/1.8),6.8,3.5,1.1,4.6,0.9,0.2,0.6,0.8,0.1,1.1
Thomas Bryant?,C,WAS,27,16.3,2.9,0.520(2.9/5.5),1.3,0.878(1.3/1.5),0.4,0.282(0.4/1.6),7.4,3,1,4,0.9,0.2,0.8,0.7,0,1.2
Thaddeus Young,"PF,C",TOR,52,16.3,2.7,0.516(2.7/5.3),0.4,0.468(0.4/0.9),0.3,0.359(0.3/0.9),6.2,2.5,1.5,4,2,1,0.4,1,0,2
Jaylen Nowell,SG,MIN,62,15.8,3.2,0.474(3.2/6.7),1.2,0.784(1.2/1.5),1,0.395(1.0/2.6),8.5,1.6,0.4,2,2.1,0.4,0.2,0.6,0,3.6
Austin Reaves,SG,LAL,61,23.3,2.4,0.459(2.4/5.2),1.6,0.839(1.6/1.9),0.9,0.316(0.9/2.8),7.3,2.4,0.7,3.2,1.8,0.5,0.3,0.7,0,2.8
Brandon Williams,PG,POR,24,26.7,4.4,0.373(4.4/11.8),2.8,0.700(2.8/4.0),1.3,0.292(1.3/4.4),12.9,2.3,0.8,3.1,3.9,1,0.4,2.4,0.1,1.6
Taj Gibson,"PF,C",NYK,52,18.2,1.7,0.517(1.7/3.2),0.8,0.810(0.8/1.0),0.3,0.397(0.3/0.7),4.4,2.7,1.7,4.4,0.6,0.4,0.8,0.5,0,1.2
Cam Reddish?,"SG,SF",NYK,49,20.7,3.4,0.405(3.4/8.3),2.1,0.900(2.1/2.3),1.4,0.359(1.4/3.8),10.1,1.6,0.5,2.1,1,1,0.3,1.2,0,0.8
Kenyon Martin Jr.,"SF,PF",HOU,79,21,3.5,0.533(3.5/6.6),1,0.635(1.0/1.6),0.8,0.357(0.8/2.1),8.8,2.7,1,3.8,1.3,0.4,0.5,0.8,0,1.7
Greg Monroe,"PF,C",MIL,14,13.9,2.3,0.563(2.3/4.1),0.9,0.524(0.9/1.6),0,0.000(0.0/0.0),5.4,2.4,2.1,4.6,1.6,0.6,0.7,0.9,0,1.8
Georges Niang?,"SF,PF",PHI,76,22.9,3.2,0.437(3.2/7.4),0.7,0.872(0.7/0.8),2.1,0.403(2.1/5.1),9.2,2.3,0.3,2.7,1.3,0.4,0.2,0.8,0,1.7
Andre Iguodala?,"SG,SF",GSW,31,19.5,1.5,0.379(1.5/3.9),0.5,0.738(0.5/0.7),0.6,0.230(0.6/2.4),4,2.6,0.7,3.3,3.7,0.9,0.7,0.9,0,4.1
Killian Hayes,"PG,SG",DET,66,25,2.7,0.384(2.7/7.0),0.9,0.768(0.9/1.1),0.7,0.265(0.7/2.5),6.9,2.6,0.5,3.2,4.2,1.2,0.5,1.7,0,2.5
Nemanja Bjelica,"PF,C",GSW,71,16.2,2.3,0.467(2.3/4.8),0.8,0.728(0.8/1.1),0.8,0.362(0.8/2.1),6.1,3.3,0.9,4.1,2.2,0.6,0.4,1.2,0,1.8
Obi Toppin,"SF,PF",NYK,72,17.1,3.5,0.531(3.5/6.6),1.3,0.762(1.3/1.7),0.7,0.306(0.7/2.4),9,2.8,1,3.7,1.1,0.3,0.5,0.8,0,1.4
Bismack Biyombo,C,PHX,36,14.1,2.4,0.593(2.4/4.0),1.1,0.538(1.1/2.0),0,0.000(0.0/0.0),5.8,2.9,1.8,4.6,0.6,0.3,0.8,0.7,0.2,0.9
Day'Ron Sharpe,"PF,C",BRO,32,12.2,2.7,0.577(2.7/4.7),0.8,0.586(0.8/1.3),0.1,0.273(0.1/0.2),6.2,2.5,2.5,5,0.5,0.3,0.5,0.9,0.1,0.6
Tre Jones,PG,SAS,69,16.7,2.4,0.491(2.4/4.9),1,0.780(1.0/1.3),0.1,0.189(0.1/0.7),6,1.8,0.4,2.2,3.4,0.6,0.1,0.7,0,5.2
Reggie Bullock,"SG,SF",DAL,68,28.1,3,0.402(3.0/7.4),0.6,0.831(0.6/0.7),2.1,0.359(2.1/5.8),8.6,3.1,0.5,3.5,1.2,0.6,0.2,0.6,0,2.1
Gabe Vincent,"PG,SG",MIA,68,23.4,3.2,0.418(3.2/7.5),0.7,0.823(0.7/0.8),1.8,0.368(1.8/4.8),8.7,1.5,0.3,1.9,3.1,0.9,0.2,1.4,0,2.1
Moritz Wagner,"PF,C",ORL,63,15.3,3.1,0.498(3.1/6.3),1.7,0.805(1.7/2.1),1.1,0.329(1.1/3.2),9,3,0.7,3.7,1.4,0.3,0.2,0.9,0,1.6
Cameron McGriff,SF,,3,15.3,1.7,0.358(1.7/4.7),0.7,1.000(0.7/0.7),0.7,0.335(0.7/2.0),4.7,3,2,5,1,0,0.3,0,0,3
Rudy Gay,"SF,PF",UTA,55,18.9,2.9,0.414(2.9/6.9),1.1,0.785(1.1/1.4),1.3,0.344(1.3/3.7),8.1,3.4,1,4.4,1,0.5,0.4,0.9,0,1.2
Shake Milton,"PG,SG",PHI,55,21.5,3.2,0.430(3.2/7.3),1.1,0.835(1.1/1.3),0.8,0.322(0.8/2.4),8.2,2,0.5,2.6,2.5,0.5,0.3,0.8,0,3.2
Terence Davis?,"SG,SF",SAC,30,17.9,3.8,0.424(3.8/8.9),1.2,0.816(1.2/1.5),1.6,0.328(1.6/5.0),10.4,2.8,0.4,3.1,1.3,0.9,0.3,1.1,0,1.2
Davion Mitchell,"PG,SG",SAC,75,27.8,4.7,0.417(4.7/11.3),0.8,0.664(0.8/1.1),1.4,0.316(1.4/4.3),11.5,1.8,0.4,2.2,4.2,0.7,0.3,1.5,0,2.8
Lance Stephenson,"SG,SF",IND,46,17.7,3.2,0.456(3.2/7.0),1.4,0.787(1.4/1.7),0.6,0.301(0.6/2.0),8.3,2.5,0.3,2.8,3.6,0.5,0.1,1.6,0.1,2.3
Joe Ingles?,"SG,SF,PF",POR,45,25.1,2.6,0.404(2.6/6.3),0.4,0.776(0.4/0.5),1.7,0.346(1.7/5.0),7.2,2.7,0.3,2.9,3.5,0.5,0.1,1,0,3.4
George Hill?,"PG,SG",MIL,54,23.2,2.2,0.430(2.2/5.1),1.1,0.922(1.1/1.2),0.8,0.306(0.8/2.5),6.2,2.2,0.7,2.9,2.2,0.8,0.1,0.8,0,2.9
Khem Birch,"PF,C",TOR,55,18.1,1.8,0.484(1.8/3.6),1,0.744(1.0/1.3),0,0.000(0.0/0.3),4.5,2.1,2.2,4.3,1,0.5,0.5,0.5,0,1.9
Solomon Hill,"SG,SF",NYK,13,10.7,0.2,0.149(0.2/1.5),0,0.000(0.0/0.0),0.2,0.150(0.2/1.0),0.6,1.3,0.5,1.8,0.9,0.3,0.2,0.1,0,12
Lindy Waters III,SF,OKL,25,18.7,2.8,0.406(2.8/7.0),0.2,0.800(0.2/0.2),2.1,0.363(2.1/5.8),8,2.7,0.2,2.9,1,0.8,0.3,0.4,0,2.2
Lonnie Walker IV?,"SG,SF",SAS,70,23.1,4.4,0.407(4.4/10.9),1.7,0.787(1.7/2.1),1.6,0.315(1.6/5.0),12.1,2.3,0.3,2.6,2.2,0.6,0.3,1,0,2.1
Hassani Gravett,PG,ORL,8,21.4,2.3,0.474(2.3/4.8),0.4,0.760(0.4/0.5),1.4,0.425(1.4/3.3),6.3,2.5,0.1,2.6,2.5,0.6,0.1,1.1,0,2.2
Blake Griffin,"PF,C",BRO,55,17.6,2.4,0.427(2.4/5.7),1,0.725(1.0/1.4),0.7,0.261(0.7/2.6),6.5,3.1,1.1,4.1,1.9,0.5,0.3,0.6,0,3.4
Stanley Johnson,PF,LAL,48,22.8,2.4,0.467(2.4/5.2),1.1,0.714(1.1/1.5),0.7,0.315(0.7/2.2),6.7,2.5,0.7,3.2,1.7,0.9,0.3,0.7,0,2.3
Cedi Osman,"SF,PF",CLE,66,22.2,3.7,0.431(3.7/8.7),1.3,0.667(1.3/2.0),1.9,0.357(1.9/5.4),10.7,1.8,0.4,2.2,2,0.8,0.2,1,0,2
Torrey Craig,"SG,SF,PF",PHX,78,20.5,2.6,0.453(2.6/5.7),0.5,0.746(0.5/0.7),1,0.330(1.0/3.0),6.6,2.9,1.1,4,1.2,0.6,0.5,0.9,0,1.4
?mer Yurtseven,C,MIA,56,12.6,2.3,0.526(2.3/4.4),0.7,0.624(0.7/1.1),0,0.100(0.0/0.2),5.3,3.7,1.5,5.3,0.9,0.3,0.4,0.7,0.1,1.2
Collin Sexton?,"PG,SG",CLE,11,28.9,6.2,0.450(6.2/13.7),2.6,0.744(2.6/3.6),1,0.244(1.0/4.1),16,2.1,1.2,3.3,2.1,0.9,0,2.8,0,0.7
Goga Bitadze?,C,IND,50,14.7,2.6,0.520(2.6/5.0),1.3,0.681(1.3/1.9),0.5,0.288(0.5/1.6),7,2,1.6,3.6,1.1,0.4,0.8,0.9,0,1.2
JaMychal Green,"PF,C",DEN,67,16.3,2.4,0.483(2.4/4.9),1.2,0.871(1.2/1.4),0.5,0.265(0.5/1.9),6.4,3,1.2,4.2,0.9,0.6,0.4,0.9,0,1
Derrick Favors?,C,OKL,39,16.8,2.4,0.516(2.4/4.7),0.4,0.641(0.4/0.6),0.1,0.122(0.1/0.4),5.3,3.2,1.5,4.7,0.6,0.4,0.3,0.2,0,2.8
Jose Alvarado,PG,NOP,54,15.5,2.4,0.447(2.4/5.4),0.7,0.684(0.7/1.0),0.6,0.289(0.6/2.0),6.1,1.4,0.5,1.9,2.8,1.3,0.1,0.7,0,3.8
Mason Jones,SG,LAL,4,12.6,1.8,0.467(1.8/3.8),3,0.800(3.0/3.8),0.3,0.250(0.3/1.0),6.8,2.3,0.3,2.5,1,0.5,0,0.3,0,4
Alex Len?,"PF,C",SAC,39,15.9,2.4,0.534(2.4/4.5),1.1,0.648(1.1/1.6),0.2,0.278(0.2/0.5),6,2.8,1.3,4.1,1.2,0.3,0.7,1.1,0.1,1
DeAndre Jordan,C,PHI,48,13,1.9,0.644(1.9/3.0),0.5,0.554(0.5/0.8),0,0.000(0.0/0.0),4.3,3.8,1.7,5.5,0.4,0.3,0.7,0.8,0,0.6
Luke Kornet,C,BOS,15,7,0.9,0.483(0.9/1.8),0.3,0.675(0.3/0.4),0,0.000(0.0/0.3),2,1.1,0.9,1.9,0.6,0.3,0.2,0,0,9
DeAndre' Bembry,"SF,PF",MIL,56,18.4,2.2,0.558(2.2/4.0),0.4,0.603(0.4/0.6),0.3,0.422(0.3/0.6),5.1,2.2,0.8,2.9,1.2,0.9,0.4,0.6,0,2.1
Derrick Jones Jr.,"SG,SF",CHI,51,17.7,2.1,0.539(2.1/3.8),1.1,0.803(1.1/1.4),0.4,0.325(0.4/1.2),5.6,2.1,1.2,3.3,0.6,0.5,0.7,0.6,0,1
Goran Dragic?,"PG,SG",BRO,21,23.7,2.7,0.377(2.7/7.2),1.3,0.822(1.3/1.6),0.8,0.253(0.8/3.0),7.5,2.5,0.7,3.1,4.1,0.9,0.2,1.6,0,2.5
Ish Smith,PG,WAS,65,17.4,2.9,0.431(2.9/6.6),0.2,0.622(0.2/0.4),0.4,0.369(0.4/1.0),6.3,1.8,0.4,2.2,3.8,0.7,0.4,1.2,0,3.1
Jalen Suggs?,"PG,SG",ORL,48,27.3,4.1,0.362(4.1/11.4),2.6,0.774(2.6/3.4),0.9,0.216(0.9/4.1),11.8,3,0.5,3.6,4.4,1.2,0.4,3,0,1.5
Tre Mann?,"PG,SG",OKL,60,22.8,3.9,0.393(3.9/9.8),1.1,0.788(1.1/1.4),1.6,0.360(1.6/4.5),10.4,2.4,0.4,2.9,1.5,0.8,0.2,1.2,0,1.3
Danny Green,"SG,SF",PHI,62,21.9,2,0.393(2.0/5.2),0.2,0.783(0.2/0.2),1.7,0.380(1.7/4.4),5.9,2,0.5,2.5,1,0.9,0.6,0.7,0,1.4
Robin Lopez,C,ORL,36,17,3.1,0.553(3.1/5.5),0.9,0.593(0.9/1.5),0.1,0.353(0.1/0.2),7.1,1.6,1.9,3.5,1.5,0.1,0.5,1.2,0.1,1.2
Cody Zeller,C,POR,27,13.2,1.9,0.568(1.9/3.3),1.4,0.779(1.4/1.8),0,0.000(0.0/0.2),5.2,2.8,1.8,4.6,0.8,0.3,0.2,0.7,0,1.2
Wes Iwundu,"SG,SF",ATL,3,27.4,2.7,0.445(2.7/6.0),1,0.752(1.0/1.3),1,0.599(1.0/1.7),7.3,3.3,1,4.3,0,0.3,0,0.3,0,0
Payton Pritchard,PG,BOS,71,14.1,2.3,0.429(2.3/5.3),0.3,1.000(0.3/0.3),1.4,0.412(1.4/3.5),6.2,1.4,0.4,1.9,2,0.3,0.1,0.6,0,3.4
Corey Kispert,"SG,SF",WAS,77,23.4,3,0.455(3.0/6.7),0.7,0.864(0.7/0.8),1.5,0.349(1.5/4.2),8.2,2,0.7,2.7,1.1,0.4,0.3,0.6,0,1.7
Jordan McLaughlin,PG,MIN,62,14.6,1.4,0.440(1.4/3.2),0.5,0.738(0.5/0.7),0.4,0.321(0.4/1.4),3.8,1.2,0.4,1.5,2.9,0.9,0.2,0.6,0,4.7
Rajon Rondo,PG,CLE,39,17.9,1.7,0.383(1.7/4.5),0.5,0.731(0.5/0.7),0.8,0.350(0.8/2.3),4.8,2.4,0.4,2.8,4.4,0.8,0.2,1.7,0,2.6
Jeremy Lamb,"SG,SF",SAC,56,16.8,2.4,0.384(2.4/6.2),1.6,0.841(1.6/1.9),1,0.322(1.0/3.0),7.3,2.3,0.5,2.8,1.4,0.5,0.4,0.7,0,2.2
Zeke Nnaji,PF,DEN,41,17,2.3,0.515(2.3/4.5),1,0.629(1.0/1.6),0.9,0.462(0.9/2.0),6.6,2.2,1.4,3.6,0.4,0.4,0.3,0.6,0,0.7
Jalen McDaniels,"SF,PF,C",CHA,55,16.3,2.2,0.485(2.2/4.6),1,0.733(1.0/1.3),0.8,0.383(0.8/2.0),6.2,2.4,0.7,3.1,1,0.5,0.4,0.7,0,1.6
Facundo Campazzo,PG,DEN,65,18.3,1.7,0.363(1.7/4.6),0.9,0.767(0.9/1.2),0.9,0.300(0.9/3.0),5.1,1.4,0.4,1.8,3.4,1,0.4,1,0,3.3
Damion Lee,"SG,SF",GSW,63,20,2.7,0.441(2.7/6.1),1.1,0.882(1.1/1.2),1,0.337(1.0/3.0),7.4,2.8,0.4,3.2,1,0.6,0.1,0.6,0,1.7
Xavier Moon,SG,LAC,10,13.7,2.5,0.490(2.5/5.1),0.3,0.600(0.3/0.5),0.5,0.357(0.5/1.4),5.8,1.2,0.2,1.4,2.4,0.7,0.3,0.6,0,4
Dennis Smith Jr.,PG,POR,37,17.3,2.1,0.419(2.1/5.1),1.1,0.659(1.1/1.7),0.2,0.219(0.2/0.7),5.6,1.8,0.5,2.4,3.6,1.2,0.3,1.4,0,2.6
Dean Wade?,"SF,PF,C",CLE,51,19.3,1.9,0.456(1.9/4.3),0.4,0.661(0.4/0.6),1,0.360(1.0/2.8),5.3,2.3,0.6,2.9,1,0.6,0.1,0.3,0,3.5
Aaron Wiggins,"SG,SF,PF",OKL,50,24.2,3.1,0.463(3.1/6.7),1.2,0.729(1.2/1.7),0.8,0.304(0.8/2.8),8.3,2.5,1,3.6,1.4,0.6,0.2,1.1,0,1.3
Aaron Holiday,PG,PHX,63,16.2,2.4,0.447(2.4/5.4),0.9,0.870(0.9/1.1),0.6,0.380(0.6/1.6),6.3,1.6,0.4,1.9,2.4,0.7,0.1,1,0,2.3
Saben Lee,PG,DET,37,16.4,1.9,0.389(1.9/4.8),1.5,0.786(1.5/1.9),0.4,0.235(0.4/1.6),5.6,1.8,0.5,2.3,2.9,0.9,0.3,1,0,3
Taurean Prince,"SF,PF",MIN,69,17.2,2.6,0.453(2.6/5.7),0.9,0.756(0.9/1.2),1.3,0.377(1.3/3.3),7.3,2.1,0.4,2.5,1,0.7,0.3,0.8,0,1.3
Nickeil Alexander-Walker,"SG,SF",UTA,65,22.7,3.9,0.372(3.9/10.5),1.3,0.744(1.3/1.7),1.6,0.312(1.6/5.2),10.6,2.3,0.6,2.9,2.4,0.7,0.4,1.4,0,1.7
Jonathan Kuminga,"SF,PF",GSW,70,17,3.4,0.513(3.4/6.6),1.9,0.686(1.9/2.7),0.7,0.333(0.7/2.1),9.3,2.6,0.8,3.3,0.9,0.4,0.3,1.1,0,0.9
Raul Neto,PG,WAS,70,19.6,2.9,0.462(2.9/6.3),1.2,0.773(1.2/1.5),0.5,0.292(0.5/1.7),7.5,1.7,0.2,1.9,3.1,0.8,0,1.1,0,2.7
Landry Shamet,"PG,SG",PHX,69,20.9,2.8,0.394(2.8/7.0),1,0.846(1.0/1.2),1.8,0.368(1.8/4.8),8.3,1.6,0.2,1.8,1.6,0.4,0.1,0.6,0,2.6
Enes Freedom,C,HOU,35,11.8,1.5,0.527(1.5/2.8),0.7,0.863(0.7/0.8),0.1,0.429(0.1/0.1),3.7,2.9,1.7,4.6,0.2,0.1,0.4,0.6,0.1,0.4
Davon Reed,SG,DEN,48,13.9,1.7,0.504(1.7/3.4),0.2,0.677(0.2/0.3),0.8,0.430(0.8/1.8),4.4,2,0.3,2.3,1.1,0.5,0.2,0.3,0,3.3
James Johnson,"PF,C",BRO,62,19.3,2.3,0.470(2.3/4.9),0.5,0.528(0.5/0.9),0.4,0.270(0.4/1.4),5.5,2.6,0.8,3.5,2.1,0.5,0.5,0.8,0,2.7
Ben McLemore,"SG,SF",POR,64,20.1,3.4,0.401(3.4/8.4),1.1,0.819(1.1/1.4),2.4,0.362(2.4/6.5),10.2,1.4,0.2,1.6,0.9,0.6,0.2,0.9,0,1.1
Justin Anderson,SF,IND,16,19.7,2.3,0.379(2.3/5.9),0.9,0.790(0.9/1.2),0.9,0.255(0.9/3.7),6.4,2.6,0.3,2.9,2.1,0.5,0.4,0.5,0,4.1
Tristan Thompson,"PF,C",CHI,57,15.7,2.5,0.528(2.5/4.7),1.1,0.525(1.1/2.0),0,0.400(0.0/0.1),6,2.9,2.1,5.1,0.6,0.4,0.4,0.8,0,0.8
Bryn Forbes,"PG,SG",DEN,75,17.2,3.1,0.430(3.1/7.2),1.1,0.905(1.1/1.2),1.6,0.415(1.6/3.9),8.8,1.1,0.1,1.2,1,0.3,0.1,0.7,0,1.4
Kessler Edwards,"SF,PF",BRO,48,20.6,2.3,0.412(2.3/5.6),0.3,0.825(0.3/0.4),1,0.353(1.0/2.8),5.9,2.7,0.9,3.6,0.6,0.6,0.5,0.9,0,0.7
David Nwaba,"SG,SF",HOU,46,13.3,1.9,0.483(1.9/3.8),1,0.712(1.0/1.5),0.3,0.308(0.3/1.1),5.1,2.4,0.9,3.3,0.8,0.6,0.4,0.5,0,1.7
Justise Winslow?,PF,POR,48,16.1,2.3,0.428(2.3/5.4),0.8,0.587(0.8/1.4),0.3,0.225(0.3/1.4),5.7,3.1,1,4.2,1.8,0.7,0.5,1,0,1.8
Josh Christopher,SG,HOU,74,18,3,0.448(3.0/6.8),1.1,0.732(1.1/1.5),0.8,0.298(0.8/2.6),7.9,1.8,0.7,2.5,2,0.9,0.2,1.5,0,1.3
Michael Porter Jr.?,"SF,PF",DEN,9,29.8,4.1,0.359(4.1/11.4),0.6,0.560(0.6/1.0),1.1,0.208(1.1/5.3),9.9,5.6,1,6.6,1.9,1.1,0.2,1.3,0.1,1.4
Jordan Nwora,SF,MIL,62,19.1,3,0.403(3.0/7.5),0.6,0.841(0.6/0.7),1.3,0.347(1.3/3.7),7.9,3,0.6,3.6,1,0.4,0.3,0.9,0,1
Udoka Azubuike?,C,UTA,17,11.6,2.2,0.757(2.2/2.9),0.4,0.538(0.4/0.7),0,0.000(0.0/0.0),4.7,3.1,1.1,4.2,0,0.1,0.6,0.7,0.1,0
CJ Elleby,SF,POR,58,20.3,2.1,0.394(2.1/5.3),1,0.710(1.0/1.5),0.6,0.295(0.6/2.2),5.8,2.8,1.1,3.9,1.5,0.6,0.3,1,0,1.6
Avery Bradley,"SG,SF",LAL,62,22.7,2.4,0.423(2.4/5.7),0.3,0.897(0.3/0.3),1.3,0.389(1.3/3.4),6.4,1.7,0.5,2.2,0.8,0.9,0.1,0.6,0,1.2
PJ Dozier,"PG,SG",ORL,18,19.1,2,0.364(2.0/5.5),0.6,0.778(0.6/0.7),0.8,0.311(0.8/2.7),5.4,2.7,0.8,3.5,1.6,0.6,0.3,0.7,0,2.2
Keita Bates-Diop,"SF,PF",SAS,59,16.3,2.3,0.518(2.3/4.5),0.8,0.757(0.8/1.0),0.3,0.312(0.3/0.9),5.7,2.9,1.1,3.9,0.7,0.4,0.2,0.8,0,0.9
Trey Murphy,"SG,SF",NOP,62,14,1.8,0.394(1.8/4.5),0.7,0.890(0.7/0.8),1.2,0.383(1.2/3.0),5.4,1.6,0.8,2.4,0.6,0.4,0.1,0.3,0,2.4
Louis King,PF,SAC,10,10.4,1.5,0.319(1.5/4.7),0.7,0.700(0.7/1.0),0.8,0.296(0.8/2.7),4.5,1.2,0,1.2,0.9,0.2,0.1,0,0,9
Duane Washington Jr.,PG,IND,48,20.2,3.6,0.404(3.6/8.9),1,0.756(1.0/1.3),1.7,0.377(1.7/4.5),9.9,1.6,0.1,1.8,1.8,0.5,0.1,1.2,0,1.5
Terrence Ross,"SG,SF",ORL,63,23,3.5,0.397(3.5/8.8),1.8,0.864(1.8/2.1),1.2,0.291(1.2/4.2),10,2.2,0.3,2.6,1.8,0.4,0.2,1.2,0,1.5
Quentin Grimes?,SG,NYK,45,17.5,2.1,0.404(2.1/5.2),0.3,0.690(0.3/0.4),1.6,0.381(1.6/4.2),6.1,1.6,0.5,2.1,1,0.7,0.2,0.6,0,1.6
R.J. Hampton,"PG,SG",ORL,64,22,2.7,0.382(2.7/7.1),1.2,0.639(1.2/1.8),1,0.350(1.0/2.9),7.6,2.7,0.4,3,2.5,0.7,0.2,1.4,0,1.8
Keon Johnson,SF,POR,37,18.9,2.6,0.354(2.6/7.3),1.1,0.804(1.1/1.4),0.9,0.341(0.9/2.7),7.2,1.5,0.6,2.2,2,0.8,0.3,1.2,0,1.6
Danuel House Jr.,"SF,PF",UTA,42,17.4,1.9,0.403(1.9/4.7),1.1,0.761(1.1/1.4),1.1,0.376(1.1/2.8),5.9,2.2,0.4,2.6,1,0.5,0.4,0.8,0,1.3
Markieff Morris?,"PF,C",MIA,17,17.6,3.2,0.474(3.2/6.7),0.5,0.887(0.5/0.5),0.8,0.332(0.8/2.3),7.6,1.6,1,2.6,1.4,0.4,0.1,1.2,0,1.2
Thomas Satoransky,"PG,SG",WAS,55,16.5,1.3,0.378(1.3/3.5),0.8,0.796(0.8/1.0),0.2,0.208(0.2/1.0),3.6,1.8,0.5,2.3,3.3,0.5,0.1,0.8,0,4
Xavier Tillman,"PF,C",MEM,53,13.2,1.9,0.453(1.9/4.1),0.9,0.649(0.9/1.3),0.2,0.207(0.2/0.9),4.8,1.8,1.2,3,1.2,0.9,0.3,0.6,0,1.8
Josh Green,"SG,SF",DAL,67,15.6,1.9,0.508(1.9/3.8),0.5,0.687(0.5/0.7),0.4,0.362(0.4/1.2),4.8,1.6,0.8,2.4,1.2,0.7,0.2,0.7,0,1.8
Usman Garuba,PF,HOU,24,10,0.8,0.432(0.8/1.8),0.2,0.724(0.2/0.3),0.2,0.253(0.2/0.8),2,2.6,0.9,3.5,0.7,0.4,0.5,0.3,0,2.8
Wayne Ellington,"SG,SF",LAL,43,19,2.3,0.414(2.3/5.5),0.2,0.808(0.2/0.3),1.9,0.389(1.9/4.9),6.7,1.6,0.2,1.8,0.7,0.5,0.1,0.4,0,1.6
Troy Brown Jr.,"SG,SF",CHI,66,16.1,1.6,0.419(1.6/3.9),0.3,0.769(0.3/0.4),0.7,0.351(0.7/2.0),4.3,2.5,0.6,3.1,1,0.5,0.1,0.4,0,2.5
David Duke Jr.,SG,BRO,22,15.5,1.8,0.360(1.8/4.9),0.8,0.811(0.8/1.0),0.4,0.244(0.4/1.7),4.7,1.7,1.4,3,0.8,0.6,0.2,0.4,0.1,1.9
Lou Williams?,"PG,SG",ATL,56,14.3,2.2,0.391(2.2/5.7),1.2,0.863(1.2/1.4),0.7,0.363(0.7/1.8),6.3,1.3,0.3,1.5,1.9,0.5,0.1,0.8,0,2.4
Malachi Flynn,PG,TOR,44,12.3,1.6,0.394(1.6/4.2),0.3,0.618(0.3/0.6),0.7,0.332(0.7/2.1),4.3,1.2,0.2,1.4,1.6,0.5,0.1,0.3,0,5.4
Tyler Johnson,"PG,SG",SAS,6,15.2,1,0.300(1.0/3.3),0,0.000(0.0/0.0),0.8,0.382(0.8/2.2),2.8,1.5,0.5,2,1.2,0.5,0.5,0.3,0,3.5
Ziaire Williams,SF,MEM,62,21.7,3.1,0.450(3.1/6.8),0.7,0.775(0.7/0.9),1.2,0.315(1.2/3.9),8.1,1.7,0.4,2.1,1,0.6,0.2,0.7,0,1.6
Theo Maledon,PG,OKL,51,17.8,2.3,0.375(2.3/6.2),1.6,0.791(1.6/2.0),0.9,0.293(0.9/2.9),7.1,2.2,0.4,2.6,2.2,0.6,0.2,1.3,0,1.7
Furkan Korkmaz,"SG,SF",PHI,67,21.2,2.7,0.388(2.7/7.0),1,0.808(1.0/1.3),1.2,0.290(1.2/4.0),7.6,2.3,0.3,2.6,1.9,0.5,0.1,0.7,0,2.6
Rodney McGruder,"SG,SF",DET,51,14.8,1.9,0.433(1.9/4.4),0.4,0.725(0.4/0.5),1.1,0.399(1.1/2.9),5.4,1.6,0.6,2.2,0.9,0.4,0.1,0.5,0,2
Frank Jackson,"PG,SG",DET,53,22,3.7,0.402(3.7/9.1),1.6,0.827(1.6/2.0),1.6,0.308(1.6/5.3),10.6,1.3,0.4,1.6,1,0.5,0.2,0.7,0,1.4
Devontae Cacok,PF,SAS,15,8.1,1.4,0.676(1.4/2.1),0.3,0.574(0.3/0.5),0,0.000(0.0/0.0),3.1,2.3,0.5,2.8,0.4,0.5,0.5,0.2,0,2
BJ Johnson,SF,ORL,4,16.1,2.8,0.440(2.8/6.3),0,0.000(0.0/0.0),1,0.400(1.0/2.5),6.5,2.3,1.5,3.8,0,0,0.3,0,0,0
Mamadi Diakite,"SF,PF,C",OKL,13,14.5,1.9,0.530(1.9/3.6),0.5,0.541(0.5/0.9),0,0.000(0.0/0.4),4.3,3.2,1.3,4.5,0.2,0.4,0.7,0.5,0,0.3
Paul Reed,SF,PHI,38,8,1.4,0.561(1.4/2.5),0.2,0.432(0.2/0.4),0.1,0.238(0.1/0.2),3.1,1.3,1.2,2.4,0.4,0.9,0.4,0.3,0,1.6
Jock Landale,C,SAS,54,11,1.9,0.495(1.9/3.8),0.6,0.829(0.6/0.8),0.5,0.327(0.5/1.7),4.9,1.4,1.2,2.6,0.8,0.2,0.3,0.6,0,1.5
Gorgui Dieng,"PF,C",ATL,44,8.5,1.2,0.471(1.2/2.6),0.4,0.729(0.4/0.6),0.7,0.426(0.7/1.6),3.5,2,0.7,2.8,0.8,0.3,0.3,0.5,0,1.7
Luke Garza,C,DET,32,12.2,2.1,0.449(2.1/4.6),1.2,0.623(1.2/1.9),0.5,0.327(0.5/1.5),5.8,1.3,1.8,3.1,0.6,0.3,0.2,0.6,0.1,1.1
Jabari Parker,"SF,PF",BOS,12,9.5,1.5,0.473(1.5/3.2),0.8,1.000(0.8/0.8),0.7,0.504(0.7/1.3),4.4,1.9,0.4,2.3,0.5,0.3,0.1,0.7,0,0.8
Isaiah Thomas,PG,CHA,22,15.1,3.1,0.402(3.1/7.6),1,0.847(1.0/1.2),1.3,0.337(1.3/3.8),8.4,1.1,0.2,1.3,1.5,0.3,0.2,0.7,0,2.1
Jevon Carter,"PG,SG",MIL,66,13.8,1.5,0.386(1.5/3.8),0.2,0.852(0.2/0.3),1,0.388(1.0/2.6),4.2,1.5,0.2,1.7,1.5,0.4,0.2,0.5,0,2.8
Garrett Temple,"PG,SG,SF",NOP,59,18.7,1.9,0.378(1.9/5.0),0.5,0.681(0.5/0.7),1,0.321(1.0/3.1),5.2,1.9,0.5,2.4,1.3,0.7,0.4,0.7,0,1.8
D.J. Augustin,PG,LAL,55,16.1,1.7,0.423(1.7/4.0),0.7,0.885(0.7/0.8),1.2,0.416(1.2/3.0),5.3,1,0.2,1.2,1.9,0.3,0,1,0,1.9
Jericho Sims,C,NYK,41,13.6,1,0.720(1.0/1.3),0.3,0.408(0.3/0.7),0,0.000(0.0/0.0),2.2,2.6,1.5,4.1,0.5,0.3,0.5,0.5,0,1.1
Miles McBride?,PG,NYK,40,9.3,0.8,0.296(0.8/2.7),0.2,0.667(0.2/0.3),0.4,0.253(0.4/1.7),2.2,0.9,0.1,1.1,1,0.4,0,0.1,0,8.2
Tony Bradley,C,CHI,55,10.1,1.3,0.585(1.3/2.2),0.4,0.660(0.4/0.5),0,0.000(0.0/0.0),3,2.2,1.2,3.4,0.5,0.2,0.6,0.6,0,0.8
Cameron Thomas,SG,BRO,67,17.6,3.3,0.433(3.3/7.5),1.3,0.828(1.3/1.6),0.7,0.269(0.7/2.6),8.5,2.2,0.2,2.4,1.2,0.5,0.1,0.8,0,1.4
Anthony Gill,SF,WAS,44,10.6,1.4,0.569(1.4/2.5),1,0.805(1.0/1.2),0.3,0.542(0.3/0.6),4.1,1.2,0.8,1.9,0.6,0.1,0.3,0.4,0,1.5
Austin Rivers,"PG,SG",DEN,67,22.2,2.2,0.418(2.2/5.2),0.5,0.727(0.5/0.7),1.2,0.342(1.2/3.5),6,1.4,0.3,1.7,1.3,0.8,0.1,0.8,0,1.7
Ty Jerome?,"PG,SG",OKL,48,16.7,2.6,0.378(2.6/6.8),0.8,0.798(0.8/0.9),1.1,0.291(1.1/3.9),7,1.2,0.4,1.6,2.3,0.6,0.1,0.8,0,2.9
Lamar Stevens,SF,CLE,63,16.1,2.5,0.490(2.5/5.1),0.8,0.706(0.8/1.2),0.3,0.282(0.3/1.0),6.1,1.9,0.7,2.6,0.7,0.5,0.3,0.7,0,1
BJ Boston,SG,LAC,51,14.9,2.5,0.385(2.5/6.4),1.2,0.823(1.2/1.4),0.7,0.307(0.7/2.2),6.7,1.9,0.3,2.2,1,0.5,0.3,0.6,0,1.6
Freddie Gillespie,SF,ORL,9,13.3,1,0.410(1.0/2.4),0.3,0.423(0.3/0.8),0,0.000(0.0/0.1),2.3,2.6,1.4,4,0.6,0.3,1,0.7,0,0.8
Malcolm Hill,SG,CHI,19,11.3,1.3,0.460(1.3/2.7),0.6,0.784(0.6/0.7),0.7,0.360(0.7/1.9),3.8,1.3,0.6,1.8,0.4,0.4,0.2,0.2,0,2.7
Wenyen Gabriel,PF,LAL,26,13.8,2.1,0.492(2.1/4.2),1,0.593(1.0/1.6),0.3,0.287(0.3/1.1),5.4,2.2,1.5,3.8,0.5,0.2,0.4,0.6,0,0.9
Brandon Goodwin,PG,CLE,36,14,1.8,0.416(1.8/4.3),0.7,0.632(0.7/1.1),0.5,0.346(0.5/1.5),4.8,1.5,0.4,1.9,2.5,0.7,0,1,0,2.5
Marquese Chriss,"PF,C",DAL,34,10.2,1.8,0.462(1.8/3.9),0.7,0.670(0.7/1.0),0.2,0.324(0.2/0.7),4.5,2.1,1,3,0.5,0.4,0.4,0.5,0,1
Juan Toscano-Anderson,"SF,PF",GSW,73,13.7,1.6,0.491(1.6/3.2),0.6,0.573(0.6/1.0),0.4,0.319(0.4/1.2),4.1,2.1,0.4,2.4,1.7,0.7,0.2,0.9,0,1.9
Vlatko Cancar,"SF,PF",DEN,15,11.8,1.5,0.560(1.5/2.7),0.6,0.645(0.6/0.9),0.5,0.588(0.5/0.8),4.1,1.5,0.5,2.1,1.1,0.1,0.2,0.6,0,1.9
Greg Brown,PF,POR,48,13.4,1.7,0.429(1.7/3.9),0.9,0.681(0.9/1.4),0.4,0.315(0.4/1.3),4.7,2,0.8,2.8,0.7,0.5,0.5,0.8,0,1
Charles Bassey?,C,PHI,23,7.3,1.3,0.637(1.3/2.0),0.4,0.750(0.4/0.5),0,0.000(0.0/0.2),3,1.7,1,2.7,0.3,0.2,0.7,0.3,0,0.9
Joshua Primo,SG,SAS,50,19.4,2,0.374(2.0/5.4),0.9,0.746(0.9/1.2),0.8,0.307(0.8/2.7),5.8,1.6,0.6,2.3,1.6,0.4,0.5,1.1,0,1.4
Wesley Matthews,"SG,SF",MIL,49,20.4,1.8,0.396(1.8/4.5),0.5,0.789(0.5/0.6),1.1,0.338(1.1/3.2),5.1,1.3,0.6,1.9,0.7,0.5,0.2,0.4,0,1.9
Sam Hauser,PF,BOS,26,6.1,0.9,0.458(0.9/1.9),0,0.000(0.0/0.0),0.7,0.432(0.7/1.7),2.5,0.9,0.2,1.1,0.4,0,0.1,0.1,0,5
Paul Millsap?,"PF,C",PHI,33,11.6,1.4,0.391(1.4/3.5),0.5,0.712(0.5/0.7),0.2,0.226(0.2/1.1),3.5,2.2,1.2,3.5,0.9,0.3,0.4,0.6,0,1.5
Cheick Diallo,"PF,C",DET,3,10.2,1,0.375(1.0/2.7),1.7,0.835(1.7/2.0),0,0.000(0.0/0.0),3.7,2.7,1.3,4,0,0.3,0,0.3,0,0
Brad Wanamaker,"PG,SG",WAS,23,13.9,1.2,0.364(1.2/3.4),1,0.917(1.0/1.1),0.2,0.230(0.2/0.7),3.6,1.5,0.2,1.7,2.4,0.3,0.3,1,0,2.4
Cassius Stanley,SG,DET,9,17.2,2.1,0.413(2.1/5.1),1.1,1.000(1.1/1.1),0.4,0.233(0.4/1.9),5.8,1.6,0.6,2.1,0.4,0.7,0.2,0.7,0,0.7
Sandro Mamukelashvili,"PF,C",MIL,41,9.9,1.4,0.496(1.4/2.8),0.4,0.815(0.4/0.5),0.5,0.425(0.5/1.3),3.8,1.1,0.9,2,0.5,0.2,0.2,0.4,0,1.5
KZ Okpala,"SF,PF",OKL,21,11.7,1.4,0.435(1.4/3.3),0.4,0.731(0.4/0.5),0.4,0.347(0.4/1.2),3.7,1.4,0.5,2,0.7,0.2,0.3,0.2,0,2.8
Chris Silva,"PF,C",MIA,10,9.1,0.8,0.533(0.8/1.5),1,0.833(1.0/1.2),0,0.000(0.0/0.0),2.6,2.3,1.3,3.6,0.7,0,0.1,0.8,0,0.9
Eric Paschall,"PF,C",UTA,58,12.8,2,0.486(2.0/4.1),1.1,0.770(1.1/1.5),0.7,0.371(0.7/1.9),5.8,1.3,0.5,1.8,0.6,0.2,0.1,0.5,0,1.3
Maurice Harkless,"SF,PF",SAC,47,18.5,1.8,0.460(1.8/3.9),0.4,0.717(0.4/0.6),0.7,0.307(0.7/2.2),4.6,2.1,0.3,2.4,0.5,0.6,0.5,0.7,0,0.7
Moses Brown,C,CLE,40,8.7,1.6,0.593(1.6/2.7),1.1,0.600(1.1/1.8),0,0.000(0.0/0.0),4.3,2.4,1,3.4,0,0.2,0.4,0.5,0.1,0.1
Malik Newman,PG,CLE,1,7.7,3,0.600(3.0/5.0),2,1.000(2.0/2.0),0,0.000(0.0/1.0),8,1,0,1,1,0,0,1,0,1
Davis Bertans,"PF,C",DAL,56,14.4,1.8,0.360(1.8/4.9),0.6,0.901(0.6/0.7),1.4,0.336(1.4/4.1),5.6,1.9,0.2,2.1,0.6,0.3,0.2,0.3,0,1.6
Josh Jackson,"SG,SF",SAC,51,16.3,2.4,0.400(2.4/5.9),1.1,0.715(1.1/1.5),0.7,0.255(0.7/2.6),6.4,2.4,0.4,2.8,1.1,0.5,0.4,0.9,0,1.1
James Ennis III,"SG,SF",DEN,7,7.9,1.6,0.458(1.6/3.4),0.6,0.803(0.6/0.7),0.4,0.377(0.4/1.1),4.1,1,0.7,1.7,0.4,0.3,0.3,0.3,0,1.5
Gary Clark,"SF,PF",NOP,38,10,0.9,0.375(0.9/2.3),0.2,0.692(0.2/0.3),0.7,0.407(0.7/1.8),2.7,1.8,0.6,2.4,0.5,0.3,0.2,0.3,0,1.8
Trent Forrest?,SG,UTA,60,12.9,1.3,0.492(1.3/2.6),0.6,0.788(0.6/0.8),0.1,0.178(0.1/0.5),3.3,1.3,0.4,1.7,1.8,0.5,0.1,0.8,0,2.2
Yuta Watanabe,"SF,PF",TOR,38,11.7,1.5,0.405(1.5/3.6),0.6,0.600(0.6/1.1),0.7,0.341(0.7/2.1),4.3,1.9,0.5,2.4,0.6,0.3,0.4,0.5,0.1,1.1
Naji Marshall,SF,NOP,55,13.4,2,0.405(2.0/4.9),1.4,0.799(1.4/1.7),0.4,0.199(0.4/1.9),5.7,1.9,0.7,2.6,1.1,0.6,0.1,0.8,0,1.3
Frank Ntilikina?,"PG,SG",DAL,58,11.8,1.5,0.398(1.5/3.8),0.4,0.953(0.4/0.4),0.7,0.347(0.7/1.9),4.1,1.2,0.2,1.4,1.2,0.5,0.1,0.5,0,2.2
Trevor Ariza,"SG,SF,PF",LAL,24,19.3,1.4,0.334(1.4/4.1),0.4,0.560(0.4/0.8),0.8,0.269(0.8/3.1),4,3,0.4,3.4,1.1,0.5,0.3,0.5,0,2.5
Timothe Luwawu-Cabarrot,"SG,SF",ATL,52,13.2,1.4,0.397(1.4/3.6),0.7,0.848(0.7/0.8),0.9,0.362(0.9/2.4),4.4,1.3,0.3,1.6,0.8,0.3,0.1,0.4,0,2
Trevelin Queen,SG,HOU,10,7.5,1.5,0.455(1.5/3.3),0.4,1.000(0.4/0.4),0.9,0.375(0.9/2.4),4.3,0.9,0.7,1.6,0.4,0.5,0.1,0.7,0,0.6
Rodney Hood,"SG,SF",LAC,52,13.7,1.1,0.371(1.1/3.0),0.3,0.892(0.3/0.4),0.6,0.331(0.6/1.8),3.1,1.2,0.3,1.5,0.7,0.3,0.1,0.2,0,3.5
Nathan Knight,"PF,C",MIN,37,7.3,1.2,0.513(1.2/2.4),1.2,0.735(1.2/1.6),0.1,0.314(0.1/0.4),3.7,1.4,0.9,2.3,0.6,0.2,0.2,0.5,0,1.2
Armoni Brooks,PG,TOR,54,15.7,1.8,0.338(1.8/5.4),0.3,0.846(0.3/0.4),1.4,0.297(1.4/4.6),5.3,1.5,0.4,1.9,1.1,0.6,0.2,0.5,0,2.3
Brandon Knight,"PG,SG",DAL,5,12.9,2,0.400(2.0/5.0),1.6,1.000(1.6/1.6),0.8,0.235(0.8/3.4),6.4,1.6,0,1.6,1.6,0.2,0,0.8,0,2
Theo Pinson,SF,DAL,19,8.2,0.7,0.361(0.7/2.1),0.5,1.000(0.5/0.5),0.5,0.335(0.5/1.6),2.5,1,0.1,1.1,0.9,0.3,0.1,0.3,0,3.4
Romeo Langford,SG,SAS,48,16.1,1.7,0.435(1.7/4.0),0.5,0.545(0.5/0.9),0.6,0.339(0.6/1.8),4.5,1.6,0.6,2.2,0.4,0.5,0.3,0.3,0,1.3
Matt Thomas?,"PG,SG",CHI,40,11.5,1.4,0.412(1.4/3.4),0.4,0.800(0.4/0.5),0.9,0.386(0.9/2.3),4,1.2,0.1,1.3,0.5,0.2,0.1,0.2,0,2.5
Sterling Brown?,"SG,SF",DAL,49,12.9,1.2,0.380(1.2/3.2),0.3,0.935(0.3/0.3),0.6,0.303(0.6/1.9),3.3,2.5,0.5,3,0.7,0.3,0.1,0.5,0,1.5
Mac McClung,PG,LAL,2,12.2,1.5,0.500(1.5/3.0),0.5,1.000(0.5/0.5),0.5,0.333(0.5/1.5),4,1.5,0,1.5,0.5,0.5,0.5,1.5,0,0.3
Juancho Hernangomez,"PF,C",UTA,40,11.1,1.1,0.415(1.1/2.7),0.5,0.565(0.5/0.9),0.6,0.347(0.6/1.7),3.3,1.8,0.7,2.5,0.5,0.4,0.3,0.4,0,1.3
Kelan Martin,"SF,PF",BOS,30,15.1,2.3,0.409(2.3/5.7),0.3,0.698(0.3/0.4),0.7,0.292(0.7/2.5),5.7,1.3,0.6,1.8,0.7,0.4,0.3,0.5,0,1.5
Kent Bazemore,"SG,SF",LAL,39,14,1.2,0.323(1.2/3.6),0.3,0.750(0.3/0.4),0.7,0.361(0.7/2.1),3.4,1.4,0.3,1.7,0.9,0.6,0.2,0.5,0,1.6
Micah Potter,SF,DET,3,10.6,1.7,0.455(1.7/3.7),0.7,1.000(0.7/0.7),0,0.000(0.0/0.7),4,1.7,1.3,3,0,0.3,0.3,0.3,0,0
Killian Tillie?,C,MEM,36,12.9,1.2,0.337(1.2/3.5),0.1,0.636(0.1/0.2),0.8,0.314(0.8/2.4),3.3,1.1,0.6,1.7,0.6,0.6,0.4,0.4,0,1.7
Neemias Queta,C,SAC,14,8.5,1.2,0.446(1.2/2.7),0.8,0.653(0.8/1.2),0,0.000(0.0/0.0),3.2,1.2,1,2.2,0.4,0.1,0.6,0.4,0,1
Juwan Morgan?,PF,TOR,2,15.5,1,0.667(1.0/1.5),0,0.000(0.0/0.0),0.5,0.500(0.5/1.0),2.5,1,1,2,0.5,0,0,0,0,1
Moses Moody,SF,GSW,52,11.7,1.5,0.438(1.5/3.5),0.5,0.783(0.5/0.7),0.8,0.363(0.8/2.1),4.4,1.2,0.3,1.5,0.4,0.1,0.2,0.3,0,1.8
Tony Snell,"SG,SF",NOP,53,15.6,1.3,0.402(1.3/3.2),0.1,1.000(0.1/0.1),0.9,0.351(0.9/2.4),3.5,1.7,0.3,2,0.5,0.3,0.2,0.4,0,1.5
Keifer Sykes,PG,IND,32,17.8,2.2,0.364(2.2/5.9),0.5,0.887(0.5/0.5),0.8,0.299(0.8/2.8),5.6,1.2,0.3,1.4,1.9,0.4,0.1,1,0,1.9
Jamorko Pickett,SF,DET,13,13.6,1.4,0.358(1.4/3.9),0.1,0.533(0.1/0.2),1,0.333(1.0/3.0),3.8,2,0.5,2.5,0.5,0,0.5,0.4,0,1.4
Ignas Brazdeikis,"SF,PF",ORL,42,12.8,1.9,0.431(1.9/4.5),0.5,0.658(0.5/0.8),0.6,0.309(0.6/2.1),5,1.2,0.5,1.7,0.9,0.2,0.1,0.4,0,2.2
Marcus Garrett,"SG,SF",MIA,12,10.7,0.4,0.240(0.4/1.8),0.2,0.405(0.2/0.4),0.1,0.242(0.1/0.3),1.1,1.2,0.8,1.9,0.6,0.4,0.3,0.2,0,3.5
James Bouknight,SG,CHA,31,9.9,1.6,0.347(1.6/4.6),0.9,0.870(0.9/1.0),0.6,0.348(0.6/1.6),4.6,1,0.7,1.7,0.8,0.2,0,0.5,0,1.7
Justin Champagnie,SF,TOR,36,7.9,0.9,0.462(0.9/1.9),0.3,1.000(0.3/0.3),0.3,0.359(0.3/0.8),2.3,1,1,2,0.3,0.2,0.1,0.2,0,1.4
Dalano Banton,SF,TOR,64,10.9,1.3,0.411(1.3/3.2),0.4,0.594(0.4/0.7),0.2,0.250(0.2/0.8),3.2,1.3,0.6,1.9,1.5,0.4,0.2,0.8,0,1.9
Svi Mykhailiuk,"SG,SF",TOR,56,12.8,1.6,0.390(1.6/4.2),0.6,0.864(0.6/0.7),0.7,0.305(0.7/2.4),4.6,1.3,0.4,1.6,0.8,0.4,0.1,0.6,0,1.4
Gabriel Deck,SF,OKL,7,8.1,1.1,0.570(1.1/2.0),0.3,1.000(0.3/0.3),0.3,0.509(0.3/0.6),2.9,0.7,0.1,0.9,0.7,0.1,0,0.3,0,2.5
Thanasis Antetokounmpo,SF,MIL,48,9.9,1.5,0.547(1.5/2.7),0.6,0.625(0.6/1.0),0,0.138(0.0/0.3),3.6,1.3,0.8,2.1,0.5,0.3,0.3,0.5,0,0.8
Tyler Cook,"PF,C",CHI,20,10,1.2,0.605(1.2/1.9),1.1,0.656(1.1/1.6),0,0.000(0.0/0.0),3.4,1.9,0.8,2.7,0.2,0.2,0.2,0.4,0,0.4
Kira Lewis?,PG,NOP,24,14.4,2.5,0.405(2.5/6.1),0.4,0.840(0.4/0.5),0.5,0.223(0.5/2.4),5.9,1.3,0.4,1.6,2,0.5,0,1.1,0,1.9
Nick Richards?,C,CHA,50,7.4,1.2,0.667(1.2/1.8),0.6,0.698(0.6/0.9),0,0.000(0.0/0.0),3,1,0.7,1.7,0.3,0.2,0.4,0.5,0,0.5
Bruno Fernando,C,HOU,30,5.1,1.2,0.656(1.2/1.8),0.5,0.625(0.5/0.8),0,0.429(0.0/0.1),2.9,1.2,0.6,1.8,0.2,0,0.4,0.5,0.1,0.5
Jared Butler,SG,UTA,42,8.7,1.5,0.403(1.5/3.6),0.3,0.684(0.3/0.4),0.7,0.319(0.7/2.1),3.8,1,0.1,1.1,1.5,0.4,0.2,0.8,0,1.9
Tim Frazier,"PG,SG",,12,17.3,1.2,0.312(1.2/3.8),0.4,0.560(0.4/0.8),0.5,0.352(0.5/1.4),3.3,1.2,0.4,1.6,2.8,0.3,0.1,1.3,0,2.3
Admiral Schofield,"SF,PF",ORL,38,12.4,1.4,0.419(1.4/3.4),0.3,0.821(0.3/0.4),0.7,0.327(0.7/2.1),3.8,1.9,0.4,2.3,0.7,0.1,0.1,0.6,0,1.2
Tremont Waters,PG,WAS,3,16.8,1.3,0.285(1.3/4.7),0,0.000(0.0/0.0),0.7,0.223(0.7/3.0),3.3,1.3,0,1.3,2.3,1.7,0,1.3,0,1.8
Willie Cauley-Stein,"PF,C",PHI,20,9.3,0.8,0.457(0.8/1.8),0.1,0.500(0.1/0.1),0.1,0.500(0.1/0.1),1.7,1.4,0.7,2,0.5,0.3,0.2,0.4,0,1.4
Trey Burke,PG,DAL,42,10.6,2,0.391(2.0/5.1),0.5,0.873(0.5/0.6),0.6,0.318(0.6/2.0),5.1,0.7,0.1,0.8,1.4,0.3,0,0.6,0,2.2
Santi Aldama,"PF,C",MEM,32,11.3,1.7,0.402(1.7/4.1),0.6,0.630(0.6/1.0),0.2,0.127(0.2/1.5),4.1,1.7,1,2.7,0.7,0.2,0.3,0.5,0.1,1.3
Semi Ojeleye,"SF,PF",LAC,30,13.6,1,0.303(1.0/3.3),0.8,0.794(0.8/1.0),0.5,0.299(0.5/1.7),3.3,1.6,0.9,2.5,0.3,0.2,0.2,0.3,0,1.1
Emmanuel Mudiay,PG,SAC,2,5.5,0,0.000(0.0/1.0),1.5,0.750(1.5/2.0),0,0.000(0.0/0.0),1.5,0,0,0,2,0.5,0,0.5,0,4
Dylan Windler,SF,CLE,50,9.2,0.7,0.378(0.7/2.0),0.3,0.833(0.3/0.4),0.4,0.300(0.4/1.4),2.2,1.4,0.4,1.8,0.7,0.3,0.1,0.3,0,2
Georgios Kalaitzakis,SF,MIL,13,16.5,2.4,0.462(2.4/5.2),1.1,0.468(1.1/2.3),0.8,0.385(0.8/2.0),6.6,1.2,0.5,1.6,0.9,0.8,0.2,1.5,0,0.6
Carsen Edwards,PG,MEM,4,19.8,2.3,0.300(2.3/7.5),0.3,1.000(0.3/0.3),1,0.250(1.0/4.0),5.8,1,0.5,1.5,3.5,0.5,0,1.3,0,2.8
Jeff Dowtin,PG,MIL,9,12,0.9,0.308(0.9/2.9),0.2,1.000(0.2/0.2),0.1,0.110(0.1/1.0),2.1,1.1,0.9,2,1.1,0.6,0.1,0.6,0,2
Isaiah Joe,SG,PHI,55,11.2,1.1,0.351(1.1/3.2),0.5,0.946(0.5/0.6),0.8,0.335(0.8/2.5),3.6,0.9,0.1,1,0.6,0.3,0.1,0.3,0,1.8
Paul Watson,"SF,PF",OKL,9,17.5,1.3,0.342(1.3/3.9),0.1,0.500(0.1/0.2),0.7,0.232(0.7/2.9),3.4,2.7,0.3,3,0.9,0.3,0.3,0.4,0,2
Denzel Valentine,"SG,SF",UTA,24,9.3,1,0.378(1.0/2.8),0,0.000(0.0/0.0),0.8,0.403(0.8/2.0),2.9,1.4,0.4,1.8,0.5,0.3,0,0.5,0,0.9
Elfrid Payton,PG,PHX,50,11.1,1.3,0.383(1.3/3.5),0.2,0.375(0.2/0.6),0.1,0.222(0.1/0.4),3,1.3,0.4,1.8,2,0.5,0.1,0.9,0,2.1
Quinndary Weatherspoon,SG,GSW,11,6.7,1.1,0.571(1.1/1.9),0.5,1.000(0.5/0.5),0.1,0.200(0.1/0.5),2.7,1.1,0.2,1.3,0.5,0.1,0.1,0.3,0,1.7
Emanuel Terry,PF,PHX,3,6.1,0,0.000(0.0/1.7),0,0.000(0.0/0.0),0,0.000(0.0/0.0),0,2.3,2.3,4.7,0.7,0,0,1.3,0,0.5
Josh Okogie,"SG,SF",MIN,49,10.6,0.9,0.406(0.9/2.1),0.7,0.683(0.7/1.0),0.3,0.302(0.3/1.0),2.7,0.8,0.6,1.4,0.5,0.5,0.2,0.5,0,1.1
Kyle Guy,PG,MIA,19,9.8,1.4,0.401(1.4/3.4),0.4,0.667(0.4/0.6),0.7,0.351(0.7/2.1),3.9,0.7,0.2,0.9,0.9,0.4,0.1,0.7,0,1.3
Markus Howard,SG,DEN,31,5.7,1.3,0.390(1.3/3.2),0.7,0.878(0.7/0.7),0.9,0.398(0.9/2.3),4.1,0.3,0.1,0.4,0.2,0.3,0,0.2,0,1
Skylar Mays,"PG,SG",ATL,28,7.9,1.1,0.498(1.1/2.3),0.3,0.906(0.3/0.3),0.3,0.326(0.3/0.9),2.9,0.7,0.2,0.9,0.6,0.3,0,0.4,0,1.7
Joe Wieskamp,SG,SAS,29,7.1,0.7,0.358(0.7/1.9),0.2,0.533(0.2/0.5),0.5,0.324(0.5/1.5),2.1,0.3,0.1,0.5,0.3,0.1,0.1,0.1,0,4.5
Craig Sword,PG,WAS,3,6.3,1,0.752(1.0/1.3),0,0.000(0.0/0.0),0,0.000(0.0/0.3),2,0,0,0,0.3,1.3,0,0.3,0,1
Javonte Smart,PG,MIA,17,11.8,1.1,0.317(1.1/3.5),0.3,0.829(0.3/0.4),0.5,0.296(0.5/1.6),3,1.1,0.3,1.4,0.9,0.4,0.2,0.6,0,1.5
Bol Bol?,"PF,C",ORL,13,6.2,1.2,0.553(1.2/2.1),0.2,0.652(0.2/0.2),0.1,0.258(0.1/0.3),2.5,1.2,0.3,1.5,0.4,0.1,0.2,0.3,0,1.3
Jemerrio Jones,SG,LAL,2,7.4,1,0.667(1.0/1.5),0,0.000(0.0/0.0),0,0.000(0.0/0.0),2,0.5,1,1.5,0,0.5,0,0,0,0
Chris Chiozza,PG,GSW,34,11,0.7,0.302(0.7/2.4),0.1,0.667(0.1/0.1),0.5,0.321(0.5/1.6),2,0.8,0.3,1.1,1.9,0.4,0,0.9,0,2
Jaden Springer,SG,PHI,2,2.8,0.5,1.000(0.5/0.5),0,0.000(0.0/0.0),0,0.000(0.0/0.0),1,0.5,0.5,1,0,0,1,0.5,0,0
Abdel Nader,"SF,PF",PHX,14,10.6,0.9,0.344(0.9/2.5),0.4,0.606(0.4/0.7),0.3,0.290(0.3/1.0),2.4,1.6,0.3,1.9,0.5,0.6,0.3,0.8,0,0.6
Shaquille Harrison,"SG,SF",MEM,2,11.3,1,0.333(1.0/3.0),0,0.000(0.0/0.0),0,0.000(0.0/1.0),2,1.5,0.5,2,1.5,0.5,0.5,1,0,1.5
Alize Johnson,"SF,PF",NOP,23,7.4,0.7,0.435(0.7/1.7),0.3,0.577(0.3/0.5),0,0.000(0.0/0.2),1.8,1.4,1.2,2.7,0.4,0.2,0,0.5,0,0.8
JT Thor,PF,CHA,33,8,0.7,0.437(0.7/1.7),0.4,0.590(0.4/0.6),0.2,0.256(0.2/0.8),2,1,0.3,1.3,0.6,0.2,0.3,0.3,0,1.9
Lindell Wigginton,PG,MIL,19,10.5,1.4,0.427(1.4/3.2),1,0.543(1.0/1.8),0.5,0.343(0.5/1.4),4.2,1.2,0.2,1.3,1.2,0.3,0.1,0.6,0,1.9
Kevin Pangos,PG,CLE,24,7,0.6,0.328(0.6/1.9),0.1,0.765(0.1/0.2),0.3,0.231(0.3/1.1),1.6,0.4,0.1,0.5,1.3,0.1,0,0.3,0,4.3
Ed Davis,"PF,C",CLE,31,6.5,0.4,0.673(0.4/0.5),0.2,0.422(0.2/0.5),0,0.000(0.0/0.0),0.9,1.6,0.5,2.1,0.2,0.1,0.3,0.2,0,1.4
Moses Wright,PF,LAC,4,3.7,0.3,0.250(0.3/1.0),0.8,1.000(0.8/0.8),0,0.000(0.0/0.3),1.3,0.5,0.3,0.8,0.5,0,0.3,0,0,2
Norvel Pelle,C,UTA,3,6.3,1,0.599(1.0/1.7),0,0.000(0.0/0.0),0,0.000(0.0/0.0),2,1,1,2,0,0,0.3,0.7,0,0
Malik Fitts,SF,BOS,15,4.2,0.5,0.417(0.5/1.3),0,0.000(0.0/0.0),0.3,0.493(0.3/0.7),1.4,1,0.1,1.1,0.3,0,0,0.1,0,2.5
RJ Nembhard,SG,CLE,14,4.5,0.4,0.333(0.4/1.3),0.2,0.724(0.2/0.3),0,0.000(0.0/0.1),1.1,0.3,0.2,0.5,0.9,0.1,0,0.2,0,4
Ishmail Wainright,SG,PHX,45,8,0.9,0.394(0.9/2.3),0.2,0.593(0.2/0.3),0.4,0.321(0.4/1.3),2.4,0.6,0.6,1.2,0.3,0.4,0.1,0.3,0,1.2
Udonis Haslem,"PF,C",MIA,13,6.4,1.1,0.454(1.1/2.4),0.2,1.000(0.2/0.2),0.1,0.258(0.1/0.3),2.5,1.6,0.3,1.9,0.3,0.1,0.1,0.4,0,0.8
Daishen Nix,SG,HOU,24,10.9,1.1,0.405(1.1/2.8),0.7,0.536(0.7/1.3),0.3,0.269(0.3/1.1),3.2,1.1,0.3,1.4,1.7,0.6,0,1.1,0,1.5
Aaron Nesmith,"SG,SF",BOS,52,11.1,1.4,0.394(1.4/3.5),0.4,0.800(0.4/0.5),0.6,0.271(0.6/2.2),3.8,1.4,0.3,1.7,0.4,0.4,0.1,0.6,0,0.7
Tre Scott,SF,CLE,2,5.7,1.5,0.500(1.5/3.0),0,0.000(0.0/0.0),0,0.000(0.0/0.5),3,0.5,0.5,1,0,0.5,0.5,0,0,0
Haywood Highsmith,SG,MIA,19,8.6,0.8,0.347(0.8/2.4),0.1,0.423(0.1/0.3),0.5,0.320(0.5/1.5),2.3,0.8,0.5,1.4,0.3,0.1,0.2,0.2,0,2
Boban Marjanovic,C,DAL,22,5.9,1.9,0.601(1.9/3.2),0.6,0.590(0.6/1.0),0.1,0.278(0.1/0.2),4.5,1.4,0.4,1.8,0.1,0,0.1,0.7,0,0.2
Eugene Omoruyi,SG,DAL,4,4.7,0.5,0.400(0.5/1.3),0.5,0.500(0.5/1.0),0.3,0.500(0.3/0.5),1.8,1.3,0.5,1.8,0.5,0,0,0,0,2
Devon Dotson,"PG,SG",CHI,11,7.7,1,0.478(1.0/2.1),0.5,0.549(0.5/0.8),0.2,0.220(0.2/0.8),2.6,0.7,0.1,0.8,1.4,0.1,0,0.5,0,3
Elijah Hughes,SG,POR,36,12.1,1.3,0.328(1.3/4.0),0.2,0.760(0.2/0.3),0.7,0.261(0.7/2.6),3.5,1.4,0.2,1.6,0.6,0.4,0.2,0.5,0,1.3
Kevin Knox II,"SF,PF",ATL,30,7.5,1,0.364(1.0/2.8),0.5,0.726(0.5/0.7),0.5,0.278(0.5/1.8),3.1,1,0.5,1.5,0.3,0.1,0.1,0.2,0,1.4
Jarrett Culver,"PG,SG",MEM,37,9.2,1.4,0.378(1.4/3.7),0.4,0.467(0.4/0.9),0.3,0.252(0.3/1.3),3.5,0.9,0.4,1.3,0.9,0.5,0.1,0.5,0,1.7
Cassius Winston,PG,WAS,7,5.7,0.6,0.363(0.6/1.6),0.6,1.000(0.6/0.6),0.3,0.337(0.3/0.9),2,0.1,0,0.1,1,0,0,0.4,0,2.3
Leandro Bolmaro,SF,MIN,35,7,0.5,0.318(0.5/1.5),0.3,0.838(0.3/0.4),0.1,0.275(0.1/0.5),1.4,0.8,0.5,1.2,0.6,0.2,0,0.4,0,1.6
Alfonzo McKinnie,"SF,PF",CHI,17,12.1,1.4,0.393(1.4/3.6),0.1,0.255(0.1/0.5),0.5,0.333(0.5/1.6),3.5,1.2,0.8,1.9,0.3,0.1,0.2,0.4,0,0.7
Miye Oni,SG,NOP,16,3,0.1,0.232(0.1/0.6),0,0.000(0.0/0.1),0.1,0.120(0.1/0.5),0.3,0.4,0.1,0.4,0.3,0,0,0.1,0,5
Robert Woodard II,SG,SAS,12,3.5,0.2,0.128(0.2/1.3),0.2,1.000(0.2/0.2),0.1,0.242(0.1/0.3),0.6,0.5,0.4,0.9,0.3,0.1,0.1,0.1,0,3
McKinley Wright IV,PG,MIN,5,3.8,0.4,0.667(0.4/0.6),0,0.000(0.0/0.0),0.2,0.500(0.2/0.4),1,0,0,0,0.6,0,0,0.2,0,3
Justin Jackson,"SF,PF",PHX,7,5.2,0.7,0.332(0.7/2.1),0.3,1.000(0.3/0.3),0.4,0.333(0.4/1.3),2.1,0.9,0.1,1,0.3,0,0,0.1,0,2
Paris Bass,SF,PHX,2,3.7,1,0.333(1.0/3.0),1,1.000(1.0/1.0),0,0.000(0.0/1.0),3,1,1,2,0,0.5,0,1,0,0
Ryan Arcidiacono,PG,BOS,10,7.6,0.6,0.500(0.6/1.2),0,0.000(0.0/0.0),0.4,0.444(0.4/0.9),1.6,0.8,0,0.8,0.4,0.1,0,0.3,0,1.3
Isaac Bonga,"SF,PF",TOR,15,4.6,0.2,0.230(0.2/0.9),0.3,0.623(0.3/0.5),0.1,0.259(0.1/0.3),0.8,0.2,0.3,0.5,0.3,0.5,0.1,0.1,0,2
Keljin Blevins,PG,POR,31,11.3,1.1,0.307(1.1/3.6),0.2,0.543(0.2/0.4),0.7,0.293(0.7/2.3),3.1,0.9,0.5,1.5,0.6,0.4,0,0.5,0,1.2
Daniel Oturu,C,TOR,3,9.1,1,0.500(1.0/2.0),1,0.599(1.0/1.7),0,0.000(0.0/0.3),3,1.3,0.3,1.7,0,0,0.7,0,0,0
Joel Ayayi,"SG,SF",WAS,7,3,0.1,0.163(0.1/0.9),0,0.000(0.0/0.0),0,0.000(0.0/0.1),0.3,0.3,0.1,0.4,0.6,0,0,0,0,4
Justin Robinson,PG,DET,25,12.1,1.1,0.301(1.1/3.7),0.2,0.500(0.2/0.3),0.7,0.295(0.7/2.4),3.1,0.7,0.2,0.8,1.3,0.4,0,0.7,0,1.9
Jay Scrubb?,SG,LAC,18,6.7,1,0.391(1.0/2.6),0.4,0.696(0.4/0.6),0.3,0.282(0.3/1.2),2.7,0.8,0.1,0.8,0.4,0.2,0.2,0.4,0,1.1
Tacko Fall,C,CLE,11,5.4,0.5,0.413(0.5/1.1),0.2,0.281(0.2/0.6),0,0.000(0.0/0.0),1.1,1.5,0.6,2.1,0.2,0,0.5,0.3,0,0.7
Brodric Thomas,SG,BOS,12,5,0.7,0.447(0.7/1.5),0.3,0.595(0.3/0.4),0.2,0.227(0.2/0.8),1.8,0.7,0.2,0.8,0.9,0.1,0.1,0.5,0,1.8
Mychal Mulder,PG,ORL,17,14.1,1.4,0.311(1.4/4.5),0.2,1.000(0.2/0.2),1,0.314(1.0/3.2),4.1,1.3,0.1,1.4,0.3,0.2,0.1,0.5,0,0.6
Nik Stauskas?,"SG,SF",BOS,8,4.8,0.6,0.360(0.6/1.8),0.5,0.667(0.5/0.8),0.5,0.400(0.5/1.3),2.3,0.3,0.1,0.4,0.3,0,0,0.1,0,2
Trayvon Palmer,SG,DET,1,16.8,0,0.000(0.0/1.0),0,0.000(0.0/0.0),0,0.000(0.0/0.0),0,2,0,2,0,1,0,1,0,0
Jake Layman,"SF,PF",MIN,34,6.8,0.9,0.409(0.9/2.2),0.4,0.717(0.4/0.5),0.2,0.233(0.2/1.0),2.4,0.9,0.2,1.1,0.3,0.2,0.1,0.3,0,0.9
Sam Merrill,SG,MEM,6,9.6,1.3,0.333(1.3/4.0),0.3,0.493(0.3/0.7),1.2,0.305(1.2/3.8),4.2,1,0.2,1.2,0.7,0,0,0.3,0,2
Jalen Johnson,SF,ATL,22,5.5,1,0.538(1.0/1.9),0.2,0.719(0.2/0.3),0.1,0.237(0.1/0.6),2.4,1.1,0.1,1.2,0.1,0.1,0.1,0.4,0,0.3
Yves Pons,SF,MEM,12,5.9,0.4,0.316(0.4/1.3),0,0.000(0.0/0.2),0.3,0.333(0.3/0.8),1.1,0.6,0.4,1,0.1,0.1,0.3,0.1,0,1
Jahmi'us Ramsey,SG,SAC,19,7,1.3,0.413(1.3/3.1),0.4,0.500(0.4/0.7),0.3,0.274(0.3/1.0),3.2,0.5,0.2,0.7,0.4,0.1,0.1,0.3,0,1.4
Vernon Carey Jr.,C,WAS,7,6.4,1,0.538(1.0/1.9),0.9,0.462(0.9/1.9),0,0.000(0.0/0.0),2.9,0.6,1.1,1.7,0,0.3,0.1,0.4,0,0
Carlik Jones,PG,DEN,5,4.6,0.2,0.111(0.2/1.8),0.4,1.000(0.4/0.4),0,0.000(0.0/0.2),0.8,0.4,0.2,0.6,1,0.2,0,0.6,0,1.7
Feron Hunt,SF,DAL,2,4.2,0,0.000(0.0/1.0),0,0.000(0.0/0.0),0,0.000(0.0/0.0),0,0,0.5,0.5,0.5,0.5,0,0.5,0,1
Petr Cornelie,PF,DEN,13,2.9,0.4,0.330(0.4/1.2),0.2,0.742(0.2/0.3),0.1,0.129(0.1/0.6),1.1,0.5,0.5,1.1,0.2,0.1,0.1,0.3,0,0.8
Jay Huff,C,LAL,4,5.1,0,0.000(0.0/0.8),0,0.000(0.0/0.0),0,0.000(0.0/0.5),0,0.8,0.3,1,0.3,0.3,0.3,0.3,0,1
Damyean Dotson,SG,NYK,2,10.3,1,0.500(1.0/2.0),0,0.000(0.0/0.0),0,0.000(0.0/0.5),2,1,0,1,0.5,0,0,0,0,1
Chandler Hutchison,"SF,PF",PHX,6,3.9,0.2,0.515(0.2/0.3),0.3,1.000(0.3/0.3),0,0.000(0.0/0.0),0.7,0.8,0,0.8,0.3,0,0,0.7,0,0.5
Dakota Mathias,PG,MEM,6,2.7,0.3,0.330(0.3/1.0),0,0.000(0.0/0.0),0.3,0.330(0.3/1.0),1,0.3,0,0.3,0.2,0.2,0,0,0,1
Marko Simonovic,C,CHI,9,3.9,0.4,0.263(0.4/1.7),0.9,0.730(0.9/1.2),0.1,0.196(0.1/0.6),1.9,0.6,0.6,1.1,0,0.1,0.1,0.2,0,0
Jarron Cumberland,SG,,3,4.1,0.3,0.493(0.3/0.7),0,0.000(0.0/0.0),0,0.000(0.0/0.3),0.7,0.7,0.3,1,0.3,0,0,0,0,1
Langston Galloway,"PG,SG",MIL,7,15.4,0.9,0.232(0.9/3.7),0,0.000(0.0/0.0),0.3,0.127(0.3/2.3),2,2.1,0.4,2.6,1.7,0.1,0,0.9,0,2
Deividas Sirvydis,SF,DET,3,8.9,0.3,0.099(0.3/3.3),0,0.000(0.0/0.0),0.3,0.142(0.3/2.3),1,2,0,2,0.3,1,0.3,0,0,1
Isaiah Todd,PF,WAS,12,6.3,0.6,0.267(0.6/2.2),0.2,0.340(0.2/0.5),0.3,0.248(0.3/1.3),1.7,0.8,0.3,1,0.3,0.3,0.2,0.3,0,1
Darren Collison,"PG,SG",LAL,3,12.4,0.7,0.288(0.7/2.3),0,0.000(0.0/0.0),0,0.000(0.0/1.0),1.3,1.3,0,1.3,0.7,0.3,0,0.3,0,2
Kai Jones,C,CHA,21,3.1,0.4,0.642(0.4/0.7),0.1,0.368(0.1/0.4),0.1,0.500(0.1/0.1),1,0.4,0.2,0.6,0.2,0,0.1,0.3,0,0.7
M.J. Walker,PG,,2,4.2,0,0.000(0.0/2.0),0,0.000(0.0/0.0),0,0.000(0.0/1.0),0,0.5,0,0.5,0.5,1.5,0,0,0,1
Scottie Lewis,SG,CHA,2,3.3,0,0.000(0.0/0.0),0.5,0.500(0.5/1.0),0,0.000(0.0/0.0),0.5,0,0,0,0.5,0.5,0,0,0,1
Myles Powell,SG,PHI,11,4.8,0.5,0.290(0.5/1.6),0.2,1.000(0.2/0.2),0.1,0.164(0.1/0.6),1.2,0.5,0.1,0.5,0.3,0.1,0,0.3,0,1
DaQuan Jeffries,PG,MEM,3,2.9,0.3,0.493(0.3/0.7),0,0.000(0.0/0.0),0,0.000(0.0/0.3),0.7,0.7,0,0.7,0.3,0,0,0,0,1
Shaq Buchanan,PG,MEM,2,4.9,0.5,0.250(0.5/2.0),0,0.000(0.0/0.0),0,0.000(0.0/1.0),1,0.5,0.5,1,1,0.5,0,1,0,1
Scotty Hopson,SG,OKL,1,17.7,2,0.500(2.0/4.0),0,0.000(0.0/0.0),0,0.000(0.0/1.0),4,1,0,1,1,0,0,2,0,0.5
Tyrone Wallace,"PG,SG",ATL,6,12.5,1.2,0.351(1.2/3.3),0.2,0.205(0.2/0.8),0.3,0.248(0.3/1.3),2.8,1.3,0,1.3,0.2,0.5,0.2,0.3,0,0.5
JaQuori McLaughlin,SG,DAL,4,2.7,0,0.000(0.0/0.5),0,0.000(0.0/0.0),0,0.000(0.0/0.3),0,0,0,0,0.5,0,0,0,0,2
Jordan Schakel,SF,WAS,4,7.6,0.3,0.091(0.3/2.8),0.5,1.000(0.5/0.5),0.3,0.167(0.3/1.5),1.3,1.5,0.5,2,0,0.3,0,0.3,0,0
Sharife Cooper,PG,ATL,13,3,0.2,0.213(0.2/1.1),0,0.000(0.0/0.0),0.1,0.174(0.1/0.5),0.5,0.4,0,0.4,0.4,0,0,0.4,0,1
Aleem Ford,PF,ORL,5,14.7,1.2,0.300(1.2/4.0),0,0.000(0.0/0.0),0.4,0.133(0.4/3.0),2.8,2.6,0.4,3,0.4,0.2,0,0.8,0,0.5
Aaron Henry,SF,PHI,6,3,0.2,0.205(0.2/0.8),0,0.000(0.0/0.0),0,0.000(0.0/0.2),0.3,0.2,0,0.2,0,0,0.3,0.3,0,0
Xavier Sneed,SG,UTA,9,4.3,0.2,0.198(0.2/1.1),0,0.000(0.0/0.0),0.1,0.124(0.1/0.9),0.6,0.4,0.2,0.7,0.1,0,0,0,0,1
Rob Edwards,SG,OKL,2,5.4,0.5,0.250(0.5/2.0),0,0.000(0.0/0.0),0.5,0.250(0.5/2.0),1.5,1.5,0,1.5,0,0,0,0.5,0,0
Anthony Lamb,SF,SAS,2,3.8,0,0.000(0.0/1.0),0,0.000(0.0/0.0),0,0.000(0.0/1.0),0,0.5,0,0.5,1,0,0,0,0,2
Jon Teske,C,MEM,3,2.6,0,0.000(0.0/0.3),0,0.000(0.0/0.7),0,0.000(0.0/0.0),0,0.7,0,0.7,0.3,0.3,0,0,0,1
Arnoldas Kulboka,SF,CHA,2,2.6,0,0.000(0.0/0.5),0,0.000(0.0/0.0),0,0.000(0.0/0.5),0,0,0,0,0,0,0,0,0,0
Jaylen Morris,SG,SAS,3,5.3,0,0.000(0.0/2.0),0.7,0.504(0.7/1.3),0,0.000(0.0/0.7),0.7,0.7,0,0.7,0.7,0,0,0.3,0,2
Jordan Goodwin,PG,WAS,2,3,0,0.000(0.0/1.5),0,0.000(0.0/0.0),0,0.000(0.0/0.5),0,0.5,0,0.5,0,0,0,0,0,0
Cat Barber,PG,ATL,3,4.3,0,0.000(0.0/1.3),0,0.000(0.0/1.3),0,0.000(0.0/0.0),0,0.7,0.3,1,1,0,0,0.3,0,3
George King,SG,DAL,4,4.8,0,0.000(0.0/1.3),0.3,0.500(0.3/0.5),0,0.000(0.0/1.0),0.3,1.3,0,1.3,0,0,0,0.3,0,0
Matt Ryan,"SG,SF",BOS,1,5.3,1,0.200(1.0/5.0),0,0.000(0.0/0.0),1,0.200(1.0/5.0),3,0,0,0,0,1,0,0,0,0
Jaysean Paige,PG,DET,1,6.6,0,0.000(0.0/3.0),0,0.000(0.0/0.0),0,0.000(0.0/2.0),0,1,0,1,1,0,0,1,0,1
Zylan Cheatham,SF,NOP,1,5.2,0,0.000(0.0/3.0),0,0.000(0.0/0.0),0,0.000(0.0/2.0),0,0,0,0,0,0,0,0,0,0
Melvin Frazier Jr.,SG,ORL,3,39.9,4.3,0.271(4.3/16.0),1.7,0.717(1.7/2.3),0.3,0.047(0.3/7.0),10.7,2.7,1.7,4.3,0.3,0.3,0,1,0,0.3
